,Unnamed: 0,date,days_before,bookings,weather_temp,weather_rain,weather_available,visitors,bookings_increase
7348,7348,2022-04-07,4,,4.1,1.0,1,838,0.2792281498297389
7349,7349,2022-04-07,7,,4.1,1.0,1,838,0.4764192139737991
7350,7350,2022-04-07,10,,0.0,0.0,0,838,0.5978260869565217
7351,7351,2022-04-07,21,,0.0,0.0,0,838,1.1645326504481437
7352,7352,2022-04-09,4,2945.0,5.4,1.0,1,3332,0.5682230528117342
7353,7353,2022-04-09,7,2576.0,5.4,1.0,1,3332,0.9080403556143348
7354,7354,2022-04-09,10,2452.0,0.0,0.0,0,3332,1.1004353554937327
7355,7355,2022-04-09,21,2046.0,0.0,0.0,0,3332,1.8315014794853504
7356,7356,2022-04-10,4,3575.0,10.6,0.0,1,4856,0.683973489556164
7357,7357,2022-04-10,7,3279.0,10.6,0.0,1,4856,0.9148368711320356
7358,7358,2022-04-10,10,2929.0,0.0,0.0,0,4856,1.212948072824524
7359,7359,2022-04-10,21,2284.0,0.0,0.0,0,4856,2.013013929893718
7360,7360,2022-04-11,4,1841.0,12.1,0.0,1,3009,0.9375105188091156
7361,7361,2022-04-11,7,1647.0,12.1,0.0,1,3009,1.232506234511441
7362,7362,2022-04-11,10,1432.0,0.0,0.0,0,3009,1.6054345624464186
7363,7363,2022-04-11,21,950.0,0.0,0.0,0,3009,2.6371363263392333
7364,7364,2022-04-12,4,1718.0,12.9,0.0,1,2970,0.9256187935089186
7365,7365,2022-04-12,7,1556.0,12.9,0.0,1,2970,1.2019046967138722
7366,7366,2022-04-12,10,1365.0,0.0,0.0,0,2970,1.51890756302521
7367,7367,2022-04-12,21,953.0,0.0,0.0,0,2970,2.945029598685383
7368,7368,2022-04-13,4,1690.0,8.6,0.0,1,2365,1.0634357981963207
7369,7369,2022-04-13,7,1494.0,8.6,0.0,1,2365,1.351451369025262
7370,7370,2022-04-13,10,1307.0,0.0,0.0,0,2365,1.726872539375352
7371,7371,2022-04-13,21,887.0,0.0,0.0,0,2365,2.9455952332441377
7372,7372,2022-04-14,4,2926.0,10.2,1.0,1,3892,0.675259858109223
7373,7373,2022-04-14,7,2650.0,10.2,1.0,1,3892,0.957299774444166
7374,7374,2022-04-14,10,2334.0,0.0,0.0,0,3892,1.1906038876110585
7375,7375,2022-04-14,21,1503.0,0.0,0.0,0,3892,2.253710410991593
7376,7376,2022-04-15,4,4510.0,10.9,0.0,1,7062,0.7213236625191586
7377,7377,2022-04-15,7,4267.0,10.9,0.0,1,7062,0.8989824020633981
7378,7378,2022-04-15,10,4075.0,0.0,0.0,0,7062,1.0207939987080346
7379,7379,2022-04-15,21,3500.0,0.0,0.0,0,7062,1.4801527208245595
7380,7380,2022-04-16,4,4797.0,15.9,0.0,1,7135,1.0406391685729008
7381,7381,2022-04-16,7,4517.0,15.9,0.0,1,7135,1.4741581718124892
7382,7382,2022-04-16,10,4323.0,0.0,0.0,0,7135,1.594232201902274
7383,7383,2022-04-16,21,2931.0,0.0,0.0,0,7135,2.7902451573352893
7384,7384,2022-04-17,4,5014.0,17.2,0.0,1,7117,0.419425608296769
7385,7385,2022-04-17,7,3963.0,17.2,0.0,1,7117,0.795861720918496
7386,7386,2022-04-17,10,3783.0,0.0,0.0,0,7117,0.8813111287338091
7387,7387,2022-04-17,21,2634.0,0.0,0.0,0,7117,1.7019741837509492
7388,7388,2022-04-18,4,4831.0,18.4,0.0,1,7262,0.5032084454564273
7389,7389,2022-04-18,7,3969.0,18.4,0.0,1,7262,0.8296800201562107
7390,7390,2022-04-18,10,3132.0,0.0,0.0,0,7262,1.318646232439336
7391,7391,2022-04-18,21,1922.0,0.0,0.0,0,7262,2.778355879292404
7392,7392,2022-04-23,4,3371.0,12.6,0.0,1,5108,0.8518505055435159
7393,7393,2022-04-23,7,3196.0,12.6,0.0,1,5108,1.1432993965603753
7394,7394,2022-04-23,10,2943.0,0.0,0.0,0,5108,1.41035667261298
7395,7395,2022-04-23,21,2168.0,0.0,0.0,0,5108,2.197362462260986
7396,7396,2022-04-24,4,2577.0,10.1,0.0,1,4297,0.6674427629026
7397,7397,2022-04-24,7,1959.0,10.1,0.0,1,4297,1.1934660541092394
7398,7398,2022-04-24,10,1702.0,0.0,0.0,0,4297,1.524676850763807
7399,7399,2022-04-24,21,1249.0,0.0,0.0,0,4297,2.44035228182546
7400,7400,2022-04-30,4,2050.0,13.6,0.0,1,3876,1.5324214598572603
7401,7401,2022-04-30,7,1518.0,13.6,0.0,1,3876,2.243911480315312
7402,7402,2022-04-30,10,1297.0,0.0,0.0,0,3876,2.6489203951235525
7403,7403,2022-04-30,21,840.0,0.0,0.0,0,3876,4.293420730213184
7404,7404,2022-05-01,4,1255.0,15.1,0.0,1,3419,2.336055361019388
7405,7405,2022-05-01,7,925.0,15.1,0.0,1,3419,3.662096203346203
7406,7406,2022-05-01,10,796.0,0.0,0.0,0,3419,4.396753958797424
7407,7407,2022-05-01,21,515.0,0.0,0.0,0,3419,8.49915603781966
7408,7408,2022-05-07,4,2314.0,15.3,0.0,1,4501,1.456619733688171
7409,7409,2022-05-07,7,1748.0,15.3,0.0,1,4501,2.163590798866082
7410,7410,2022-05-07,10,1561.0,0.0,0.0,0,4501,2.568607589173932
7411,7411,2022-05-07,21,993.0,0.0,0.0,0,4501,3.868849023912731
7412,7412,2022-05-08,4,1566.0,14.5,0.0,1,3860,1.4648786717752236
7413,7413,2022-05-08,7,1150.0,14.5,0.0,1,3860,2.356521739130435
7414,7414,2022-05-08,10,1044.0,0.0,0.0,0,3860,2.697318007662836
7415,7415,2022-05-08,21,747.0,0.0,0.0,0,3860,4.167336010709505
7416,7416,2022-05-14,4,2494.0,17.8,1.0,1,4898,1.2766178870356617
7417,7417,2022-05-14,7,1997.0,17.8,1.0,1,4898,2.864414823071427
7418,7418,2022-05-14,10,1723.0,0.0,0.0,0,4898,3.300353530133541
7419,7419,2022-05-14,21,1177.0,0.0,0.0,0,4898,4.538666146851833
7420,7420,2022-05-15,4,1712.0,18.7,0.0,1,3581,1.0917056074766356
7421,7421,2022-05-15,7,1286.0,18.7,0.0,1,3581,1.784603421461897
7422,7422,2022-05-15,10,1148.0,0.0,0.0,0,3581,2.1193379790940767
7423,7423,2022-05-15,21,821.0,0.0,0.0,0,3581,3.361753958587089
7424,7424,2022-05-21,4,2305.0,14.3,0.0,1,4012,0.9519845396929164
7425,7425,2022-05-21,7,1977.0,14.3,0.0,1,4012,1.5746404679210737
7426,7426,2022-05-21,10,1795.0,0.0,0.0,0,4012,2.084630597051914
7427,7427,2022-05-21,21,1234.0,0.0,0.0,0,4012,7.15415108666522
7428,7428,2022-05-22,4,1774.0,17.8,0.0,1,3645,1.0546786922209697
7429,7429,2022-05-22,7,1489.0,17.8,0.0,1,3645,1.447951645399597
7430,7430,2022-05-22,10,1341.0,0.0,0.0,0,3645,1.7181208053691277
7431,7431,2022-05-22,21,924.0,0.0,0.0,0,3645,2.9448051948051948
7432,7432,2022-05-26,4,3703.0,14.8,1.0,1,6099,0.6470429381582501
7433,7433,2022-05-26,7,3170.0,14.8,1.0,1,6099,0.92397476340694
7434,7434,2022-05-26,10,2684.0,0.0,0.0,0,6099,1.272354694485842
7435,7435,2022-05-26,21,1663.0,0.0,0.0,0,6099,2.667468430547204
7436,7436,2022-05-27,4,4161.0,16.6,0.0,1,7239,1.0016967266826848
7437,7437,2022-05-27,7,3696.0,16.6,0.0,1,7239,1.369162087912088
7438,7438,2022-05-27,10,3320.0,0.0,0.0,0,7239,1.6539401903443829
7439,7439,2022-05-27,21,2540.0,0.0,0.0,0,7239,2.5304025423728813
7440,7440,2022-05-28,4,3376.0,12.9,1.0,1,3874,0.5118209131762355
7441,7441,2022-05-28,7,2954.0,12.9,1.0,1,3874,0.8503383555104846
7442,7442,2022-05-28,10,2660.0,0.0,0.0,0,3874,1.1847584629251429
7443,7443,2022-05-28,21,2093.0,0.0,0.0,0,3874,4.158652167064995
7444,7444,2022-05-29,4,1841.0,18.4,0.0,1,3829,1.079847908745247
7445,7445,2022-05-29,7,1507.0,18.4,0.0,1,3829,1.5408095554080956
7446,7446,2022-05-29,10,1304.0,0.0,0.0,0,3829,1.9363496932515336
7447,7447,2022-05-29,21,921.0,0.0,0.0,0,3829,3.1574375678610207
7448,7448,2022-06-02,4,715.0,17.5,0.0,1,1596,1.2321678321678322
7449,7449,2022-06-02,7,652.0,17.5,0.0,1,1596,1.4478527607361964
7450,7450,2022-06-02,10,591.0,0.0,0.0,0,1596,1.700507614213198
7451,7451,2022-06-02,21,452.0,0.0,0.0,0,1596,2.5309734513274336
7452,7452,2022-06-03,4,1481.0,19.1,0.0,1,2386,1.0059226870011695
7453,7453,2022-06-03,7,1393.0,19.1,0.0,1,2386,1.421845542800786
7454,7454,2022-06-03,10,1290.0,0.0,0.0,0,2386,1.7623589441664214
7455,7455,2022-06-03,21,1045.0,0.0,0.0,0,2386,2.733888699020278
7456,7456,2022-06-04,4,3464.0,22.4,0.0,1,5862,1.0214629343202133
7457,7457,2022-06-04,7,2934.0,22.4,0.0,1,5862,1.4321658208365269
7458,7458,2022-06-04,10,2567.0,0.0,0.0,0,5862,1.698855809478166
7459,7459,2022-06-04,21,1986.0,0.0,0.0,0,5862,2.31768385085374
7460,7460,2022-06-05,4,3372.0,24.4,0.0,1,6667,1.370086968540496
7461,7461,2022-06-05,7,2802.0,24.4,0.0,1,6667,1.935575859987684
7462,7462,2022-06-05,10,2478.0,0.0,0.0,0,6667,2.334244609896076
7463,7463,2022-06-05,21,1939.0,0.0,0.0,0,6667,3.4091631205512627
7464,7464,2022-06-06,4,2997.0,20.9,0.0,1,6334,1.6521043138719604
7465,7465,2022-06-06,7,2214.0,20.9,0.0,1,6334,2.644847300540727
7466,7466,2022-06-06,10,1879.0,0.0,0.0,0,6334,3.390964382799232
7467,7467,2022-06-06,21,1453.0,0.0,0.0,0,6334,5.090657766892029
7468,7468,2022-06-07,4,959.0,16.4,1.0,1,1470,0.8408281195689955
7469,7469,2022-06-07,7,840.0,16.4,1.0,1,1470,1.0451782820097244
7470,7470,2022-06-07,10,794.0,0.0,0.0,0,1470,1.295711670546174
7471,7471,2022-06-07,21,661.0,0.0,0.0,0,1470,1.91469815529378
7472,7472,2022-06-08,4,744.0,19.5,0.0,1,1410,1.1657812656369884
7473,7473,2022-06-08,7,672.0,19.5,0.0,1,1410,1.330935216850614
7474,7474,2022-06-08,10,632.0,0.0,0.0,0,1410,1.5416564501792993
7475,7475,2022-06-08,21,446.0,0.0,0.0,0,1410,2.370991045020241
7476,7476,2022-06-09,4,769.0,23.3,0.0,1,1839,1.083310103112046
7477,7477,2022-06-09,7,663.0,23.3,0.0,1,1839,1.3635034124146896
7478,7478,2022-06-09,10,594.0,0.0,0.0,0,1839,1.641224326999779
7479,7479,2022-06-09,21,430.0,0.0,0.0,0,1839,2.64822754637411
7480,7480,2022-06-10,4,1251.0,23.7,0.0,1,2223,0.9071951945485864
7481,7481,2022-06-10,7,1125.0,23.7,0.0,1,2223,1.191588143525741
7482,7482,2022-06-10,10,1022.0,0.0,0.0,0,2223,1.4154563459316718
7483,7483,2022-06-10,21,866.0,0.0,0.0,0,2223,2.010726103891628
7484,7484,2022-06-11,4,3766.0,22.4,0.0,1,6367,1.1684538359677268
7485,7485,2022-06-11,7,3141.0,22.4,0.0,1,6367,1.529538897086698
7486,7486,2022-06-11,10,2860.0,0.0,0.0,0,6367,1.764076279803283
7487,7487,2022-06-11,21,2193.0,0.0,0.0,0,6367,2.458427236098793
7488,7488,2022-06-12,4,2494.0,21.0,1.0,1,5242,1.029378652705888
7489,7489,2022-06-12,7,2035.0,21.0,1.0,1,5242,1.4007770584507258
7490,7490,2022-06-12,10,1778.0,0.0,0.0,0,5242,1.6797875105168447
7491,7491,2022-06-12,21,1387.0,0.0,0.0,0,5242,2.511746493284242
7492,7492,2022-06-13,4,1253.0,19.6,1.0,1,2935,1.1126706275309628
7493,7493,2022-06-13,7,1070.0,19.6,1.0,1,2935,1.4359844393306096
7494,7494,2022-06-13,10,965.0,0.0,0.0,0,2935,1.716398013248261
7495,7495,2022-06-13,21,745.0,0.0,0.0,0,2935,2.4901335859477856
7496,7496,2022-06-14,4,891.0,22.9,1.0,1,1762,0.9060448397853544
7497,7497,2022-06-14,7,776.0,22.9,1.0,1,1762,1.1481848148312022
7498,7498,2022-06-14,10,695.0,0.0,0.0,0,1762,1.4375975706686774
7499,7499,2022-06-14,21,553.0,0.0,0.0,0,1762,2.18772298519134
7500,7500,2022-06-15,4,906.0,24.6,0.0,1,2349,1.1652403490427008
7501,7501,2022-06-15,7,810.0,24.6,0.0,1,2349,1.3761811023622048
7502,7502,2022-06-15,10,725.0,0.0,0.0,0,2349,1.6702232142857143
7503,7503,2022-06-15,21,611.0,0.0,0.0,0,2349,2.335171505384271
7504,7504,2022-06-16,4,878.0,21.4,1.0,1,1468,0.5106803293764768
7505,7505,2022-06-16,7,776.0,21.4,1.0,1,1468,0.6841940456691397
7506,7506,2022-06-16,10,700.0,0.0,0.0,0,1468,0.8378538990528092
7507,7507,2022-06-16,21,574.0,0.0,0.0,0,1468,1.2101497174824758
7508,7508,2022-06-17,4,1765.0,25.9,0.0,1,3576,0.9050436558952208
7509,7509,2022-06-17,7,1578.0,25.9,0.0,1,3576,1.1946836715943534
7510,7510,2022-06-17,10,1444.0,0.0,0.0,0,3576,1.3824744278676384
7511,7511,2022-06-17,21,1130.0,0.0,0.0,0,3576,2.0608511808137404
7512,7512,2022-06-18,4,4298.0,22.7,0.0,1,6321,0.3852284692033229
7513,7513,2022-06-18,7,3620.0,22.7,0.0,1,6321,0.6208885979941094
7514,7514,2022-06-18,10,3245.0,0.0,0.0,0,6321,0.7831022569341073
7515,7515,2022-06-18,21,2468.0,0.0,0.0,0,6321,1.258382004924999
7516,7516,2022-06-19,4,2713.0,20.3,0.0,1,5615,1.4634037175504186
7517,7517,2022-06-19,7,2236.0,20.3,0.0,1,5615,1.9588870431893688
7518,7518,2022-06-19,10,1996.0,0.0,0.0,0,5615,2.39799781576
7519,7519,2022-06-19,21,1520.0,0.0,0.0,0,5615,4.2288576555023925
7520,7520,2022-06-20,4,1866.0,19.4,1.0,1,3247,0.9589916595164426
7521,7521,2022-06-20,7,1574.0,19.4,1.0,1,3247,1.3374830215133855
7522,7522,2022-06-20,10,1445.0,0.0,0.0,0,3247,1.65190267784289
7523,7523,2022-06-20,21,1137.0,0.0,0.0,0,3247,2.454636239826099
7524,7524,2022-06-21,4,1799.0,24.8,0.0,1,3885,1.1153396594946248
7525,7525,2022-06-21,7,1565.0,24.8,0.0,1,3885,1.439750196574776
7526,7526,2022-06-21,10,1390.0,0.0,0.0,0,3885,1.7910990356650849
7527,7527,2022-06-21,21,1095.0,0.0,0.0,0,3885,2.642731518574248
7528,7528,2022-06-22,4,1405.0,21.3,0.0,1,3141,1.2986094708220366
7529,7529,2022-06-22,7,1275.0,21.3,0.0,1,3141,1.5857470067673087
7530,7530,2022-06-22,10,1106.0,0.0,0.0,0,3141,1.963209582523412
7531,7531,2022-06-22,21,836.0,0.0,0.0,0,3141,3.386785238057887
7532,7532,2022-06-23,4,1181.0,24.7,0.0,1,2543,1.3017475294567329
7533,7533,2022-06-23,7,1094.0,24.7,0.0,1,2543,1.6503495332160971
7534,7534,2022-06-23,10,959.0,0.0,0.0,0,2543,2.0705589318300315
7535,7535,2022-06-23,21,707.0,0.0,0.0,0,2543,3.572623367039455
7536,7536,2022-06-24,4,2940.0,27.7,0.0,1,5587,1.1167539806389288
7537,7537,2022-06-24,7,2400.0,27.7,0.0,1,5587,1.5525517139479903
7538,7538,2022-06-24,10,2115.0,0.0,0.0,0,5587,1.8594416345032907
7539,7539,2022-06-24,21,1419.0,0.0,0.0,0,5587,3.11430198770116
7540,7540,2022-06-25,4,3067.0,29.6,0.0,1,5568,0.9900997438320132
7541,7541,2022-06-25,7,2521.0,29.6,0.0,1,5568,1.464572128283906
7542,7542,2022-06-25,10,2287.0,0.0,0.0,0,5568,1.7523619891381192
7543,7543,2022-06-25,21,1647.0,0.0,0.0,0,5568,2.907443946555861
7544,7544,2022-06-26,4,2920.0,29.4,0.0,1,4940,0.8584954529757107
7545,7545,2022-06-26,7,2279.0,29.4,0.0,1,4940,1.2327955771748162
7546,7546,2022-06-26,10,2032.0,0.0,0.0,0,4940,1.4658754353176668
7547,7547,2022-06-26,21,1291.0,0.0,0.0,0,4940,2.5092720361545284
7548,7548,2022-06-27,4,2314.0,31.5,0.0,1,3571,0.8631842797433595
7549,7549,2022-06-27,7,2012.0,31.5,0.0,1,3571,1.1540921139827702
7550,7550,2022-06-27,10,1855.0,0.0,0.0,0,3571,1.362533692722372
7551,7551,2022-06-27,21,1421.0,0.0,0.0,0,3571,2.114597735645982
7552,7552,2022-06-28,4,2521.0,29.2,1.0,1,4385,0.9396013565939584
7553,7553,2022-06-28,7,2253.0,29.2,1.0,1,4385,1.1838450568615138
7554,7554,2022-06-28,10,2055.0,0.0,0.0,0,4385,1.4188449167795878
7555,7555,2022-06-28,21,1617.0,0.0,0.0,0,4385,2.204448943548418
7556,7556,2022-06-29,4,2530.0,27.1,0.0,1,5076,1.1827106189474594
7557,7557,2022-06-29,7,2211.0,27.1,0.0,1,5076,1.5132967208870354
7558,7558,2022-06-29,10,2001.0,0.0,0.0,0,5076,1.7904311304189036
7559,7559,2022-06-29,21,1607.0,0.0,0.0,0,5076,2.566091537885805
7560,7560,2022-06-30,4,2333.0,24.9,1.0,1,4698,0.8698758740682312
7561,7561,2022-06-30,7,2139.0,24.9,1.0,1,4698,1.0520681504012652
7562,7562,2022-06-30,10,1931.0,0.0,0.0,0,4698,1.2523346284897134
7563,7563,2022-06-30,21,1502.0,0.0,0.0,0,4698,1.9938167410772565
7564,7564,2022-07-01,4,1908.0,26.8,0.0,1,3465,1.1013958098705627
7565,7565,2022-07-01,7,1805.0,26.8,0.0,1,3465,1.3830419861401302
7566,7566,2022-07-01,10,1647.0,0.0,0.0,0,3465,1.6348843687398504
7567,7567,2022-07-01,21,1261.0,0.0,0.0,0,3465,2.400992928892413
7568,7568,2022-07-02,4,2951.0,22.6,0.0,1,6001,0.9427205228079416
7569,7569,2022-07-02,7,2529.0,22.6,0.0,1,6001,1.2600331953088524
7570,7570,2022-07-02,10,2276.0,0.0,0.0,0,6001,1.4620630198978397
7571,7571,2022-07-02,21,1639.0,0.0,0.0,0,6001,2.281823825237157
7572,7572,2022-07-03,4,2732.0,24.1,1.0,1,6787,1.0710434639933182
7573,7573,2022-07-03,7,2165.0,24.1,1.0,1,6787,1.5712148271388764
7574,7574,2022-07-03,10,1946.0,0.0,0.0,0,6787,1.8624299958529416
7575,7575,2022-07-03,21,1248.0,0.0,0.0,0,6787,3.199187781229912
7576,7576,2022-07-04,4,2541.0,23.3,1.0,1,4306,1.2024005002782918
7577,7577,2022-07-04,7,2171.0,23.3,1.0,1,4306,1.599847128485504
7578,7578,2022-07-04,10,1978.0,0.0,0.0,0,4306,1.980276483946361
7579,7579,2022-07-04,21,1467.0,0.0,0.0,0,4306,2.7664257761048514
7580,7580,2022-07-05,4,3435.0,20.9,0.0,1,7657,1.528912476400479
7581,7581,2022-07-05,7,2862.0,20.9,0.0,1,7657,1.9834382356445657
7582,7582,2022-07-05,10,2569.0,0.0,0.0,0,7657,2.364940503009331
7583,7583,2022-07-05,21,2038.0,0.0,0.0,0,7657,3.3309179242461893
7584,7584,2022-07-06,4,3039.0,22.1,0.0,1,7726,1.5045996671516462
7585,7585,2022-07-06,7,2601.0,22.1,0.0,1,7726,1.9344143017093736
7586,7586,2022-07-06,10,2338.0,0.0,0.0,0,7726,2.348158310775996
7587,7587,2022-07-06,21,1916.0,0.0,0.0,0,7726,3.304793402095951
7588,7588,2022-07-07,4,2546.0,18.4,1.0,1,4220,1.0842625704005042
7589,7589,2022-07-07,7,2218.0,18.4,1.0,1,4220,1.5618948663810042
7590,7590,2022-07-07,10,1973.0,0.0,0.0,0,4220,1.9080135639074525
7591,7591,2022-07-07,21,1612.0,0.0,0.0,0,4220,2.847218716767104
7592,7592,2022-07-08,4,2662.0,21.6,0.0,1,6768,1.4813584863377067
7593,7593,2022-07-08,7,2282.0,21.6,0.0,1,6768,2.121697920954799
7594,7594,2022-07-08,10,2012.0,0.0,0.0,0,6768,2.5521804163200468
7595,7595,2022-07-08,21,1355.0,0.0,0.0,0,6768,4.093397285900668
7596,7596,2022-07-09,4,3454.0,22.0,0.0,1,7672,1.2840743082080075
7597,7597,2022-07-09,7,2785.0,22.0,0.0,1,7672,1.882191649305389
7598,7598,2022-07-09,10,2514.0,0.0,0.0,0,7672,2.1948943567268846
7599,7599,2022-07-09,21,1714.0,0.0,0.0,0,7672,3.4982806371343016
7600,7600,2022-07-10,4,2970.0,18.2,1.0,1,6081,1.2089494070827889
7601,7601,2022-07-10,7,2434.0,18.2,1.0,1,6081,1.7228150806343807
7602,7602,2022-07-10,10,2168.0,0.0,0.0,0,6081,2.08888095682143
7603,7603,2022-07-10,21,1769.0,0.0,0.0,0,6081,2.931216921098669
7604,7604,2022-07-11,4,3737.0,23.0,0.0,1,8192,1.3662468002401995
7605,7605,2022-07-11,7,3025.0,23.0,0.0,1,8192,1.7886223433017077
7606,7606,2022-07-11,10,2756.0,0.0,0.0,0,8192,2.1253050385611427
7607,7607,2022-07-11,21,2171.0,0.0,0.0,0,8192,2.989675583520912
7608,7608,2022-07-12,4,4186.0,27.0,0.0,1,8641,0.9418292707176616
7609,7609,2022-07-12,7,3484.0,27.0,0.0,1,8641,1.240727576378438
7610,7610,2022-07-12,10,3051.0,0.0,0.0,0,8641,1.5538676783129963
7611,7611,2022-07-12,21,2432.0,0.0,0.0,0,8641,2.227495803016219
7612,7612,2022-07-13,4,3730.0,24.9,1.0,1,8423,1.6635781854440572
7613,7613,2022-07-13,7,3118.0,24.9,1.0,1,8423,2.0900745791285784
7614,7614,2022-07-13,10,2765.0,0.0,0.0,0,8423,2.5749264090544663
7615,7615,2022-07-13,21,2182.0,0.0,0.0,0,8423,3.7416399243152494
7616,7616,2022-07-14,4,3567.0,20.8,1.0,1,7511,1.4699656624025428
7617,7617,2022-07-14,7,2966.0,20.8,1.0,1,7511,1.9555546694877275
7618,7618,2022-07-14,10,2653.0,0.0,0.0,0,7511,2.472371656562483
7619,7619,2022-07-14,21,2072.0,0.0,0.0,0,7511,3.8570143884892087
7620,7620,2022-07-15,4,3270.0,19.3,1.0,1,8236,1.6571646518755687
7621,7621,2022-07-15,7,2660.0,19.3,1.0,1,8236,2.3008084727948903
7622,7622,2022-07-15,10,2349.0,0.0,0.0,0,8236,2.822070967214456
7623,7623,2022-07-15,21,1684.0,0.0,0.0,0,8236,4.685644748376607
7624,7624,2022-07-16,4,3826.0,19.7,1.0,1,8064,0.9376967785899124
7625,7625,2022-07-16,7,3025.0,19.7,1.0,1,8064,1.4197138289517968
7626,7626,2022-07-16,10,2657.0,0.0,0.0,0,8064,1.7676635954325972
7627,7627,2022-07-16,21,1855.0,0.0,0.0,0,8064,3.0648250631406926
7628,7628,2022-07-17,4,3386.0,21.5,0.0,1,8422,1.2661330304781682
7629,7629,2022-07-17,7,2649.0,21.5,0.0,1,8422,1.824800392432736
7630,7630,2022-07-17,10,2353.0,0.0,0.0,0,8422,2.231635679297719
7631,7631,2022-07-17,21,1623.0,0.0,0.0,0,8422,3.574116632558754
7632,7632,2022-07-18,4,4341.0,23.3,0.0,1,9160,1.587982541111595
7633,7633,2022-07-18,7,3438.0,23.3,0.0,1,9160,2.156460646343124
7634,7634,2022-07-18,10,3052.0,0.0,0.0,0,9160,2.496194485651856
7635,7635,2022-07-18,21,2283.0,0.0,0.0,0,9160,3.410104244701798
7636,7636,2022-07-19,4,4525.0,26.5,0.0,1,8811,1.4593235635183943
7637,7637,2022-07-19,7,3772.0,26.5,0.0,1,8811,1.935582892947818
7638,7638,2022-07-19,10,3382.0,0.0,0.0,0,8811,2.2191959961252827
7639,7639,2022-07-19,21,2606.0,0.0,0.0,0,8811,2.9652791541550867
7640,7640,2022-07-20,4,4239.0,33.0,0.0,1,7905,1.5263495125256463
7641,7641,2022-07-20,7,3734.0,33.0,0.0,1,7905,1.8929253722700787
7642,7642,2022-07-20,10,3385.0,0.0,0.0,0,7905,2.2005079074963896
7643,7643,2022-07-20,21,2611.0,0.0,0.0,0,7905,3.2866536744168666
7644,7644,2022-07-21,4,3396.0,35.6,0.0,1,5626,1.4005274440518258
7645,7645,2022-07-21,7,2983.0,35.6,0.0,1,5626,1.7568082694722489
7646,7646,2022-07-21,10,2636.0,0.0,0.0,0,5626,2.1656522647931187
7647,7647,2022-07-21,21,2033.0,0.0,0.0,0,5626,3.4712578279287283
7648,7648,2022-07-22,4,3337.0,27.0,1.0,1,6638,1.2334066389405516
7649,7649,2022-07-22,7,2815.0,27.0,1.0,1,6638,1.7200676187009822
7650,7650,2022-07-22,10,2422.0,0.0,0.0,0,6638,2.1667745157877176
7651,7651,2022-07-22,21,1783.0,0.0,0.0,0,6638,3.646560631001311
7652,7652,2022-07-23,4,3974.0,16.6,0.0,1,8343,1.7348406315383016
7653,7653,2022-07-23,7,3181.0,16.6,0.0,1,8343,2.403613078869379
7654,7654,2022-07-23,10,2663.0,0.0,0.0,0,8343,3.084335807095581
7655,7655,2022-07-23,21,1917.0,0.0,0.0,0,8343,4.814090101682588
7656,7656,2022-07-24,4,3234.0,21.8,0.0,1,9044,1.5212127992081006
7657,7657,2022-07-24,7,2593.0,21.8,0.0,1,9044,2.052320115076807
7658,7658,2022-07-24,10,2304.0,0.0,0.0,0,9044,2.43798225308642
7659,7659,2022-07-24,21,1770.0,0.0,0.0,0,9044,3.621084680636285
7660,7660,2022-07-25,4,3890.0,24.1,1.0,1,6534,1.1978003038093012
7661,7661,2022-07-25,7,3225.0,24.1,1.0,1,6534,1.55014196217191
7662,7662,2022-07-25,10,2909.0,0.0,0.0,0,6534,1.833000932904256
7663,7663,2022-07-25,21,2151.0,0.0,0.0,0,6534,2.712063900231036
7664,7664,2022-07-26,4,4012.0,21.1,0.0,1,8484,1.7636098495684425
7665,7665,2022-07-26,7,3670.0,21.1,0.0,1,8484,2.0841008278945465
7666,7666,2022-07-26,10,3375.0,0.0,0.0,0,8484,2.3506388888888887
7667,7667,2022-07-26,21,2653.0,0.0,0.0,0,8484,3.3078394697352227
7668,7668,2022-07-27,4,3975.0,22.1,0.0,1,8538,1.3251368921853992
7669,7669,2022-07-27,7,3410.0,22.1,0.0,1,8538,1.6509867187780864
7670,7670,2022-07-27,10,3083.0,0.0,0.0,0,8538,1.9151021141769908
7671,7671,2022-07-27,21,2402.0,0.0,0.0,0,8538,2.8658310340511446
7672,7672,2022-07-28,4,3710.0,21.8,0.0,1,9010,1.6477457903313415
7673,7673,2022-07-28,7,3041.0,21.8,0.0,1,9010,2.177072759246815
7674,7674,2022-07-28,10,2682.0,0.0,0.0,0,9010,2.7138892912515624
7675,7675,2022-07-28,21,2057.0,0.0,0.0,0,9010,4.09753765748157
7676,7676,2022-07-29,4,3204.0,24.4,0.0,1,8962,2.143237329165142
7677,7677,2022-07-29,7,2537.0,24.4,0.0,1,8962,2.9618210812840964
7678,7678,2022-07-29,10,2293.0,0.0,0.0,0,8962,3.784363406896774
7679,7679,2022-07-29,21,1801.0,0.0,0.0,0,8962,5.5297643153330895
7680,7680,2022-07-30,4,3826.0,26.5,0.0,1,8440,1.2006633996785654
7681,7681,2022-07-30,7,2676.0,26.5,0.0,1,8440,2.0197337116254594
7682,7682,2022-07-30,10,2386.0,0.0,0.0,0,8440,2.532404506330076
7683,7683,2022-07-30,21,1806.0,0.0,0.0,0,8440,4.041370232668057
7684,7684,2022-07-31,4,2912.0,25.4,0.0,1,8845,1.5441597303920278
7685,7685,2022-07-31,7,2049.0,25.4,0.0,1,8845,2.54628416657391
7686,7686,2022-07-31,10,1805.0,0.0,0.0,0,8845,3.109812163828784
7687,7687,2022-07-31,21,1419.0,0.0,0.0,0,8845,4.63253249065559
7688,7688,2022-08-01,4,3223.0,23.8,0.0,1,7517,1.78536738021793
7689,7689,2022-08-01,7,2395.0,23.8,0.0,1,7517,2.558205692817336
7690,7690,2022-08-01,10,2174.0,0.0,0.0,0,7517,3.0568335912270888
7691,7691,2022-08-01,21,1649.0,0.0,0.0,0,7517,4.369549082229904
7692,7692,2022-08-02,4,3693.0,24.6,0.0,1,8884,1.48577219722922
7693,7693,2022-08-02,7,2897.0,24.6,0.0,1,8884,2.0020603210217467
7694,7694,2022-08-02,10,2583.0,0.0,0.0,0,8884,2.389549789283483
7695,7695,2022-08-02,21,2084.0,0.0,0.0,0,8884,3.344724481427812
7696,7696,2022-08-03,4,3250.0,27.2,1.0,1,8740,1.1416120475742275
7697,7697,2022-08-03,7,2586.0,27.2,1.0,1,8740,1.642661076006648
7698,7698,2022-08-03,10,2286.0,0.0,0.0,0,8740,2.049840970037602
7699,7699,2022-08-03,21,1804.0,0.0,0.0,0,8740,3.007571669642682
7700,7700,2022-08-04,4,2811.0,30.3,1.0,1,7166,2.0230201421295635
7701,7701,2022-08-04,7,2169.0,30.3,1.0,1,7166,2.803415090896946
7702,7702,2022-08-04,10,1836.0,0.0,0.0,0,7166,3.5152092649925466
7703,7703,2022-08-04,21,1440.0,0.0,0.0,0,7166,5.42276633458984
7704,7704,2022-08-05,4,2300.0,23.5,1.0,1,4643,2.148467921211808
7705,7705,2022-08-05,7,1846.0,23.5,1.0,1,4643,3.2760403411693706
7706,7706,2022-08-05,10,1525.0,0.0,0.0,0,4643,4.193723653395784
7707,7707,2022-08-05,21,1166.0,0.0,0.0,0,4643,6.213055812112415
7708,7708,2022-08-06,4,3358.0,20.7,0.0,1,8579,1.27149663915596
7709,7709,2022-08-06,7,2340.0,20.7,0.0,1,8579,2.114544798231748
7710,7710,2022-08-06,10,1993.0,0.0,0.0,0,8579,2.569909208358573
7711,7711,2022-08-06,21,1393.0,0.0,0.0,0,8579,3.9296142147566897
7712,7712,2022-08-07,4,2305.0,20.4,0.0,1,5871,1.247255019967296
7713,7713,2022-08-07,7,1669.0,20.4,0.0,1,5871,1.8559140890908647
7714,7714,2022-08-07,10,1414.0,0.0,0.0,0,5871,2.238455960085967
7715,7715,2022-08-07,21,962.0,0.0,0.0,0,5871,3.5871321115287538
7716,7716,2022-08-08,4,2341.0,22.0,0.0,1,6294,1.096061260093177
7717,7717,2022-08-08,7,1764.0,22.0,0.0,1,6294,1.6332889677610174
7718,7718,2022-08-08,10,1522.0,0.0,0.0,0,6294,2.0037763494309235
7719,7719,2022-08-08,21,1032.0,0.0,0.0,0,6294,3.2792192342419284
7720,7720,2022-08-09,4,2463.0,25.1,0.0,1,6973,1.3191997771396229
7721,7721,2022-08-09,7,2008.0,25.1,0.0,1,6973,1.814701993420048
7722,7722,2022-08-09,10,1756.0,0.0,0.0,0,6973,2.2296994654365223
7723,7723,2022-08-09,21,1404.0,0.0,0.0,0,6973,3.158498914757372
7724,7724,2022-08-10,4,2180.0,26.6,0.0,1,6349,1.5942437046339857
7725,7725,2022-08-10,7,1822.0,26.6,0.0,1,6349,2.1737363695771954
7726,7726,2022-08-10,10,1567.0,0.0,0.0,0,6349,2.811646535647239
7727,7727,2022-08-10,21,1195.0,0.0,0.0,0,6349,4.2983165944277095
7728,7728,2022-08-11,4,1909.0,28.4,0.0,1,4686,2.2369434914660458
7729,7729,2022-08-11,7,1661.0,28.4,0.0,1,4686,3.1005401605682783
7730,7730,2022-08-11,10,1455.0,0.0,0.0,0,4686,3.935585521444438
7731,7731,2022-08-11,21,1001.0,0.0,0.0,0,4686,6.089180050718512
7732,7732,2022-08-12,4,1883.0,29.7,0.0,1,3846,1.6966705706832592
7733,7733,2022-08-12,7,1636.0,29.7,0.0,1,3846,2.368227872860636
7734,7734,2022-08-12,10,1432.0,0.0,0.0,0,3846,2.869144376078058
7735,7735,2022-08-12,21,942.0,0.0,0.0,0,3846,4.564537520671983
7736,7736,2022-08-13,4,2750.0,30.9,0.0,1,5957,1.4330245080284922
7737,7737,2022-08-13,7,2178.0,30.9,0.0,1,5957,1.9991602144308984
7738,7738,2022-08-13,10,1907.0,0.0,0.0,0,5957,2.377055865607911
7739,7739,2022-08-13,21,1358.0,0.0,0.0,0,5957,3.750531673474681
7740,7740,2022-08-14,4,1806.0,28.7,0.0,1,3623,1.572744597164908
7741,7741,2022-08-14,7,1388.0,28.7,0.0,1,3623,2.1901373002069344
7742,7742,2022-08-14,10,1237.0,0.0,0.0,0,3623,2.55787429976254
7743,7743,2022-08-14,21,932.0,0.0,0.0,0,3623,3.870482113396312
7744,7744,2022-08-15,4,1589.0,26.3,1.0,1,3622,1.297472606528756
7745,7745,2022-08-15,7,1152.0,26.3,1.0,1,3622,1.9137542185877463
7746,7746,2022-08-15,10,1022.0,0.0,0.0,0,3622,2.23321158433048
7747,7747,2022-08-15,21,737.0,0.0,0.0,0,3622,3.246199968720544
7748,7748,2022-08-16,4,1151.0,28.3,1.0,1,2701,1.363017230958152
7749,7749,2022-08-16,7,966.0,28.3,1.0,1,2701,1.811792047784876
7750,7750,2022-08-16,10,827.0,0.0,0.0,0,2701,2.2120631413445464
7751,7751,2022-08-16,21,619.0,0.0,0.0,0,2701,3.4341136693687067
7752,7752,2022-08-17,4,780.0,28.0,0.0,1,2202,1.664605249362178
7753,7753,2022-08-17,7,671.0,28.0,0.0,1,2202,2.0654213521203086
7754,7754,2022-08-17,10,583.0,0.0,0.0,0,2202,2.598365127251885
7755,7755,2022-08-17,21,421.0,0.0,0.0,0,2202,3.896426052429424
7756,7756,2022-08-18,4,651.0,27.8,0.0,1,1812,1.779695831249135
7757,7757,2022-08-18,7,551.0,27.8,0.0,1,1812,2.290858464062849
7758,7758,2022-08-18,10,447.0,0.0,0.0,0,1812,3.016911862749456
7759,7759,2022-08-18,21,326.0,0.0,0.0,0,1812,4.426718196805492
7760,7760,2022-08-19,4,846.0,29.8,0.0,1,1914,1.63938563285907
7761,7761,2022-08-19,7,737.0,29.8,0.0,1,1914,2.186306097498853
7762,7762,2022-08-19,10,660.0,0.0,0.0,0,1914,2.606432748538012
7763,7763,2022-08-19,21,500.0,0.0,0.0,0,1914,3.852247011952192
7764,7764,2022-08-20,4,2356.0,24.4,0.0,1,4382,1.5254716621201423
7765,7765,2022-08-20,7,2015.0,24.4,0.0,1,4382,1.9315007573072087
7766,7766,2022-08-20,10,1783.0,0.0,0.0,0,4382,2.245873272829246
7767,7767,2022-08-20,21,1298.0,0.0,0.0,0,4382,3.1748466588770548
7768,7768,2022-08-21,4,1573.0,24.5,0.0,1,4950,2.1468531468531467
7769,7769,2022-08-21,7,1260.0,24.5,0.0,1,4950,2.9285714285714284
7770,7770,2022-08-21,10,1063.0,0.0,0.0,0,4950,3.656632173095014
7771,7771,2022-08-21,21,797.0,0.0,0.0,0,4950,5.210790464240904
7772,7772,2022-08-27,4,2262.0,25.7,1.0,1,5742,2.137311950042577
7773,7773,2022-08-27,7,1740.0,25.7,1.0,1,5742,3.166570008285004
7774,7774,2022-08-27,10,1538.0,0.0,0.0,0,5742,4.146947593997422
7775,7775,2022-08-27,21,1092.0,0.0,0.0,0,5742,7.072669266217654
7776,7776,2022-08-28,4,1135.0,16.7,1.0,1,1242,0.0942731277533039
7777,7777,2022-08-28,7,900.0,16.7,1.0,1,1242,0.38
7778,7778,2022-08-28,10,792.0,0.0,0.0,0,1242,0.5681818181818182
7779,7779,2022-08-28,21,618.0,0.0,0.0,0,1242,1.0097087378640777
7780,7780,2022-09-03,4,1629.0,14.6,0.0,1,5400,2.302430802894333
7781,7781,2022-09-03,7,1187.0,14.6,0.0,1,5400,3.3023986084995567
7782,7782,2022-09-03,10,822.0,0.0,0.0,0,5400,4.753653014328197
7783,7783,2022-09-03,21,433.0,0.0,0.0,0,5400,11.422340761856791
7784,7784,2022-09-04,4,861.0,17.1,0.0,1,4157,3.828106852497097
7785,7785,2022-09-04,7,603.0,17.1,0.0,1,4157,5.893864013266998
7786,7786,2022-09-04,10,405.0,0.0,0.0,0,4157,9.264197530864198
7787,7787,2022-09-04,21,148.0,0.0,0.0,0,4157,27.08783783783784
7788,7788,2022-09-10,4,2533.0,13.6,1.0,1,5303,1.3475822344109882
7789,7789,2022-09-10,7,1849.0,13.6,1.0,1,5303,2.1955506787311663
7790,7790,2022-09-10,10,1623.0,0.0,0.0,0,5303,2.663985034819341
7791,7791,2022-09-10,21,1076.0,0.0,0.0,0,5303,4.821635232995692
7792,7792,2022-09-11,4,2286.0,17.9,0.0,1,4771,1.0870516185476815
7793,7793,2022-09-11,7,2135.0,17.9,0.0,1,4771,1.2346604215456674
7794,7794,2022-09-11,10,1962.0,0.0,0.0,0,4771,1.4317023445463812
7795,7795,2022-09-11,21,949.0,0.0,0.0,0,4771,4.027397260273973
7796,7796,2022-09-17,4,2477.0,16.9,0.0,1,4787,1.224469396975666
7797,7797,2022-09-17,7,1984.0,16.9,0.0,1,4787,1.8700174049075915
7798,7798,2022-09-17,10,1728.0,0.0,0.0,0,4787,2.294420758481269
7799,7799,2022-09-17,21,1100.0,0.0,0.0,0,4787,4.099398369661528
7800,7800,2022-09-18,4,2463.0,18.1,0.0,1,5532,1.246041412911084
7801,7801,2022-09-18,7,2272.0,18.1,0.0,1,5532,1.4348591549295775
7802,7802,2022-09-18,10,1962.0,0.0,0.0,0,5532,1.819571865443425
7803,7803,2022-09-18,21,921.0,0.0,0.0,0,5532,5.006514657980456
7804,7804,2022-09-24,4,2523.0,17.8,0.0,1,4787,1.154379706698375
7805,7805,2022-09-24,7,2075.0,17.8,0.0,1,4787,1.6875333102455208
7806,7806,2022-09-24,10,1863.0,0.0,0.0,0,4787,2.0987092586351097
7807,7807,2022-09-24,21,1077.0,0.0,0.0,0,4787,4.125048728798543
7808,7808,2022-09-25,4,2883.0,15.6,1.0,1,6250,1.1678806798473813
7809,7809,2022-09-25,7,2607.0,15.6,1.0,1,6250,1.397391637897967
7810,7810,2022-09-25,10,2163.0,0.0,0.0,0,6250,1.8895053166897824
7811,7811,2022-09-25,21,1578.0,0.0,0.0,0,6250,2.9607097591888465
7812,7812,2022-10-06,4,,15.4,0.0,1,1794,
7813,7813,2022-10-06,7,,15.4,0.0,1,1794,
7814,7814,2022-10-06,10,,0.0,0.0,0,1794,
7815,7815,2022-10-06,21,,0.0,0.0,0,1794,
7816,7816,2022-10-08,4,2868.0,14.8,0.0,1,4645,1.1880107427759825
7817,7817,2022-10-08,7,2476.0,14.8,0.0,1,4645,1.74829423559418
7818,7818,2022-10-08,10,2288.0,0.0,0.0,0,4645,2.3658093602639534
7819,7819,2022-10-08,21,1891.0,0.0,0.0,0,4645,4.293168094355364
7820,7820,2022-10-09,4,2387.0,13.3,0.0,1,4218,0.7670716380393799
7821,7821,2022-10-09,7,2073.0,13.3,0.0,1,4218,1.0347322720694645
7822,7822,2022-10-09,10,1853.0,0.0,0.0,0,4218,1.27630868861306
7823,7823,2022-10-09,21,1091.0,0.0,0.0,0,4218,2.866177818515124
7824,7824,2022-10-15,4,3426.0,15.2,1.0,1,5616,1.115643591899701
7825,7825,2022-10-15,7,3104.0,15.2,1.0,1,5616,1.657568862757732
7826,7826,2022-10-15,10,2945.0,0.0,0.0,0,5616,2.0382656089476248
7827,7827,2022-10-15,21,2181.0,0.0,0.0,0,5616,4.090448907747184
7828,7828,2022-10-16,4,2976.0,15.9,1.0,1,4648,0.5618279569892473
7829,7829,2022-10-16,7,2581.0,15.9,1.0,1,4648,0.8008523827973654
7830,7830,2022-10-16,10,2327.0,0.0,0.0,0,4648,0.9974215728405672
7831,7831,2022-10-16,21,1673.0,0.0,0.0,0,4648,1.7782426778242677
7832,7832,2022-10-22,4,4985.0,9.9,1.0,1,7422,0.8491185121983814
7833,7833,2022-10-22,7,4286.0,9.9,1.0,1,7422,1.2293964940489912
7834,7834,2022-10-22,10,3810.0,0.0,0.0,0,7422,1.4992852898104716
7835,7835,2022-10-22,21,2805.0,0.0,0.0,0,7422,2.883515014397367
7836,7836,2022-10-23,4,3433.0,9.9,1.0,1,5252,0.5298572676958928
7837,7837,2022-10-23,7,2891.0,9.9,1.0,1,5252,0.8166724316845382
7838,7838,2022-10-23,10,2603.0,0.0,0.0,0,5252,1.0176719170188244
7839,7839,2022-10-23,21,2184.0,0.0,0.0,0,5252,1.4047619047619049
7840,7840,2022-10-29,4,5996.0,14.7,0.0,1,9406,0.8767040635786176
7841,7841,2022-10-29,7,5484.0,14.7,0.0,1,9406,1.1223863482475875
7842,7842,2022-10-29,10,5142.0,0.0,0.0,0,9406,1.3292642993051396
7843,7843,2022-10-29,21,4101.0,0.0,0.0,0,9406,2.359971759582178
7844,7844,2022-10-30,4,5310.0,10.2,0.0,1,7651,0.8048843645216113
7845,7845,2022-10-30,7,4782.0,10.2,0.0,1,7651,1.1232677787237857
7846,7846,2022-10-30,10,4602.0,0.0,0.0,0,7651,1.3526548133013168
7847,7847,2022-10-30,21,3599.0,0.0,0.0,0,7651,2.5749397980920627
7848,7848,2022-10-31,4,,14.0,0.0,1,6135,1.5813117699910153
7849,7849,2022-10-31,7,,14.0,0.0,1,6135,2.102591792656588
7850,7850,2022-10-31,10,,0.0,0.0,0,6135,2.5338253382533824
7851,7851,2022-10-31,21,,0.0,0.0,0,6135,4.0227272727272725
7852,7852,2022-11-01,4,2643.0,11.4,1.0,1,5231,0.9791903140370792
7853,7853,2022-11-01,7,2215.0,11.4,1.0,1,5231,1.361625282167043
7854,7854,2022-11-01,10,1949.0,0.0,0.0,0,5231,2.9275634614882904
7855,7855,2022-11-01,21,1266.0,0.0,0.0,0,5231,5.239690376315853
7856,7856,2022-11-02,4,2223.0,13.0,1.0,1,5060,1.2762033288349075
7857,7857,2022-11-02,7,1901.0,13.0,1.0,1,5060,1.6617569700157813
7858,7858,2022-11-02,10,1665.0,0.0,0.0,0,5060,2.039039039039039
7859,7859,2022-11-02,21,1120.0,0.0,0.0,0,5060,3.517857142857143
7860,7860,2022-11-03,4,4014.0,10.0,0.0,1,8022,0.9985052316890882
7861,7861,2022-11-03,7,3405.0,10.0,0.0,1,8022,1.3559471365638769
7862,7862,2022-11-03,10,2977.0,0.0,0.0,0,8022,1.5009032546366965
7863,7863,2022-11-03,21,2078.0,0.0,0.0,0,8022,2.621911640541997
7864,7864,2022-11-04,4,5338.0,10.6,0.0,1,9415,0.7637692019482952
7865,7865,2022-11-04,7,4728.0,10.6,0.0,1,9415,0.9913282571912012
7866,7866,2022-11-04,10,4136.0,0.0,0.0,0,9415,1.345268646115075
7867,7867,2022-11-04,21,2944.0,0.0,0.0,0,9415,2.346693809660912
7868,7868,2022-11-05,4,5483.0,9.9,1.0,1,9394,0.7132956410724056
7869,7869,2022-11-05,7,4866.0,9.9,1.0,1,9394,0.9305384299219072
7870,7870,2022-11-05,10,4553.0,0.0,0.0,0,9394,2.450889320728744
7871,7871,2022-11-05,21,3822.0,0.0,0.0,0,9394,4.056492473463276
7872,7872,2022-11-06,4,3610.0,10.4,1.0,1,6501,0.8008310249307479
7873,7873,2022-11-06,7,3055.0,10.4,1.0,1,6501,1.127986906710311
7874,7874,2022-11-06,10,2688.0,0.0,0.0,0,6501,1.4185267857142858
7875,7875,2022-11-06,21,1775.0,0.0,0.0,0,6501,2.6625352112676057
7876,7876,2022-11-24,4,,2.6,0.0,1,1099,
7877,7877,2022-11-24,7,,2.6,0.0,1,1099,
7878,7878,2022-11-24,10,,0.0,0.0,0,1099,
7879,7879,2022-11-24,21,,0.0,0.0,0,1099,
7880,7880,2022-11-26,4,2854.0,2.7,1.0,1,3372,0.181499649614576
7881,7881,2022-11-26,7,2654.0,2.7,1.0,1,3372,0.2705350414468726
7882,7882,2022-11-26,10,2538.0,0.0,0.0,0,3372,0.3286052009456264
7883,7883,2022-11-26,21,2012.0,0.0,0.0,0,3372,0.6759443339960238
7884,7884,2022-11-27,4,1727.0,1.2,0.0,1,2013,0.1656050955414012
7885,7885,2022-11-27,7,1585.0,1.2,0.0,1,2013,0.2700315457413249
7886,7886,2022-11-27,10,1494.0,0.0,0.0,0,2013,0.3473895582329317
7887,7887,2022-11-27,21,1187.0,0.0,0.0,0,2013,0.6958719460825611
7888,7888,2022-12-03,4,3677.0,-0.7,0.0,1,4736,0.2880065270601033
7889,7889,2022-12-03,7,3187.0,-0.7,0.0,1,4736,0.4860370254157515
7890,7890,2022-12-03,10,2997.0,0.0,0.0,0,4736,0.6744518149990787
7891,7891,2022-12-03,21,2647.0,0.0,0.0,0,4736,1.1419660787783588
7892,7892,2022-12-04,4,4683.0,-0.3,0.0,1,4824,0.0301089045483664
7893,7893,2022-12-04,7,4284.0,-0.3,0.0,1,4824,0.1260504201680672
7894,7894,2022-12-04,10,4074.0,0.0,0.0,0,4824,0.1840942562592047
7895,7895,2022-12-04,21,3334.0,0.0,0.0,0,4824,0.4469106178764247
7896,7896,2022-12-10,4,4167.0,-4.1,1.0,1,5365,0.2874970002399808
7897,7897,2022-12-10,7,3753.0,-4.1,1.0,1,5365,0.4295230482280842
7898,7898,2022-12-10,10,3589.0,0.0,0.0,0,5365,0.7024226804123712
7899,7899,2022-12-10,21,2987.0,0.0,0.0,0,5365,1.229068705388857
7900,7900,2022-12-11,4,4650.0,-5.4,0.0,1,5006,0.0765591397849462
7901,7901,2022-12-11,7,4462.0,-5.4,0.0,1,5006,0.1219184222321828
7902,7902,2022-12-11,10,4229.0,0.0,0.0,0,5006,0.1837313785764956
7903,7903,2022-12-11,21,3767.0,0.0,0.0,0,5006,0.3289089461109636
7904,7904,2022-12-17,4,3660.0,-2.0,0.0,1,4307,0.176775956284153
7905,7905,2022-12-17,7,3340.0,-2.0,0.0,1,4307,0.2895209580838323
7906,7906,2022-12-17,10,3180.0,0.0,0.0,0,4307,0.4982490093683575
7907,7907,2022-12-17,21,2690.0,0.0,0.0,0,4307,1.1104688634213942
7908,7908,2022-12-18,4,4721.0,3.5,0.0,1,4854,0.0281719974581656
7909,7909,2022-12-18,7,4393.0,3.5,0.0,1,4854,0.1049396767584794
7910,7910,2022-12-18,10,4164.0,0.0,0.0,0,4854,0.1657060518731988
7911,7911,2022-12-18,21,3634.0,0.0,0.0,0,4854,0.3357182168409466
7912,7912,2022-12-27,4,1802.0,3.9,0.0,1,2235,0.2402885682574916
7913,7913,2022-12-27,7,1674.0,3.9,0.0,1,2235,0.3351254480286738
7914,7914,2022-12-27,10,1456.0,0.0,0.0,0,2235,1.4467883476627
7915,7915,2022-12-27,21,1148.0,0.0,0.0,0,2235,2.4361980131959378
7916,7916,2022-12-28,4,1410.0,0.6,1.0,1,1727,0.2248226950354609
7917,7917,2022-12-28,7,1331.0,0.6,1.0,1,1727,0.2975206611570248
7918,7918,2022-12-28,10,1236.0,0.0,0.0,0,1727,0.7378758031987243
7919,7919,2022-12-28,21,983.0,0.0,0.0,0,1727,1.3369079435143196
7920,7920,2022-12-29,4,977.0,6.6,1.0,1,1316,0.3469805527123848
7921,7921,2022-12-29,7,900.0,6.6,1.0,1,1316,0.4622222222222222
7922,7922,2022-12-29,10,845.0,0.0,0.0,0,1316,1.0208271603843049
7923,7923,2022-12-29,21,629.0,0.0,0.0,0,1316,1.8051282830226247
7924,7924,2022-12-30,4,1123.0,6.0,0.0,1,2047,0.8227960819234195
7925,7925,2022-12-30,7,1019.0,6.0,0.0,1,2047,1.0088321884200195
7926,7926,2022-12-30,10,947.0,0.0,0.0,0,2047,1.6726305634132117
7927,7927,2022-12-30,21,699.0,0.0,0.0,0,2047,2.961372025467134
7928,7928,2022-12-31,4,86.0,8.9,0.0,1,1494,16.372093023255815
7929,7929,2022-12-31,7,77.0,8.9,0.0,1,1494,18.4025974025974
7930,7930,2022-12-31,10,74.0,0.0,0.0,0,1494,19.18918918918919
7931,7931,2022-12-31,21,60.0,0.0,0.0,0,1494,23.9
7932,7932,2023-01-01,4,358.0,3.2,1.0,1,1302,2.636871508379888
7933,7933,2023-01-01,7,239.0,3.2,1.0,1,1302,4.447698744769874
7934,7934,2023-01-01,10,213.0,0.0,0.0,0,1302,5.112676056338028
7935,7935,2023-01-01,21,160.0,0.0,0.0,0,1302,7.1375
7936,7936,2023-01-02,4,437.0,5.6,1.0,1,836,0.9130434782608696
7937,7937,2023-01-02,7,343.0,5.6,1.0,1,836,1.43731778425656
7938,7938,2023-01-02,10,312.0,0.0,0.0,0,836,1.6794871794871795
7939,7939,2023-01-02,21,233.0,0.0,0.0,0,836,2.587982832618026
7940,7940,2023-01-03,4,539.0,-1.0,0.0,1,1683,2.122448979591837
7941,7941,2023-01-03,7,393.0,-1.0,0.0,1,1683,3.282442748091603
7942,7942,2023-01-03,10,336.0,0.0,0.0,0,1683,4.008928571428571
7943,7943,2023-01-03,21,264.0,0.0,0.0,0,1683,5.375
7944,7944,2023-01-04,4,368.0,0.2,1.0,1,738,1.0054347826086956
7945,7945,2023-01-04,7,294.0,0.2,1.0,1,738,1.510204081632653
7946,7946,2023-01-04,10,232.0,0.0,0.0,0,738,2.181034482758621
7947,7947,2023-01-04,21,153.0,0.0,0.0,0,738,3.823529411764706
7948,7948,2023-01-05,4,396.0,-0.8,1.0,1,781,0.9722222222222222
7949,7949,2023-01-05,7,313.0,-0.8,1.0,1,781,1.4952076677316295
7950,7950,2023-01-05,10,254.0,0.0,0.0,0,781,2.074803149606299
7951,7951,2023-01-05,21,170.0,0.0,0.0,0,781,3.594117647058824
7952,7952,2023-01-06,4,1053.0,-2.6,1.0,1,2029,0.9268755935422602
7953,7953,2023-01-06,7,841.0,-2.6,1.0,1,2029,1.412604042806183
7954,7954,2023-01-06,10,612.0,0.0,0.0,0,2029,2.315359477124183
7955,7955,2023-01-06,21,320.0,0.0,0.0,0,2029,5.340625
7956,7956,2023-01-07,4,1145.0,2.7,1.0,1,1972,0.7222707423580786
7957,7957,2023-01-07,7,919.0,2.7,1.0,1,1972,1.145810663764962
7958,7958,2023-01-07,10,705.0,0.0,0.0,0,1972,1.797163120567376
7959,7959,2023-01-07,21,361.0,0.0,0.0,0,1972,4.462603878116344
7960,7960,2023-01-08,4,495.0,4.8,1.0,1,938,0.8949494949494949
7961,7961,2023-01-08,7,364.0,4.8,1.0,1,938,1.5769230769230769
7962,7962,2023-01-08,10,281.0,0.0,0.0,0,938,2.3380782918149468
7963,7963,2023-01-08,21,135.0,0.0,0.0,0,938,5.948148148148148
7964,7964,2023-04-01,4,1359.0,5.7,0.0,1,2022,0.4878587196467991
7965,7965,2023-04-01,7,1206.0,5.7,0.0,1,2022,0.6766169154228856
7966,7966,2023-04-01,10,1115.0,0.0,0.0,0,2022,0.8134529147982063
7967,7967,2023-04-01,21,999.0,0.0,0.0,0,2022,1.024024024024024
7968,7968,2023-04-02,4,1388.0,6.3,0.0,1,1982,0.4279538904899135
7969,7969,2023-04-02,7,1284.0,6.3,0.0,1,1982,0.543613707165109
7970,7970,2023-04-02,10,1220.0,0.0,0.0,0,1982,0.6245901639344262
7971,7971,2023-04-02,21,789.0,0.0,0.0,0,1982,1.512040557667934
7972,7972,2023-04-06,4,845.0,4.7,0.0,1,1389,0.6437869822485207
7973,7973,2023-04-06,7,763.0,4.7,0.0,1,1389,0.8204456094364351
7974,7974,2023-04-06,10,707.0,0.0,0.0,0,1389,0.9646393210749646
7975,7975,2023-04-06,21,483.0,0.0,0.0,0,1389,1.875776397515528
7976,7976,2023-04-07,4,2643.0,5.0,0.0,1,3381,0.2792281498297389
7977,7977,2023-04-07,7,2290.0,5.0,0.0,1,3381,0.4764192139737991
7978,7978,2023-04-07,10,2116.0,0.0,0.0,0,3381,0.5978260869565217
7979,7979,2023-04-07,21,1562.0,0.0,0.0,0,3381,1.1645326504481437
7980,7980,2023-04-08,4,2686.0,11.8,0.0,1,5016,0.8674609084139985
7981,7981,2023-04-08,7,2104.0,11.8,0.0,1,5016,1.3840304182509506
7982,7982,2023-04-08,10,1986.0,0.0,0.0,0,5016,1.5256797583081572
7983,7983,2023-04-08,21,1338.0,0.0,0.0,0,5016,2.7488789237668163
7984,7984,2023-04-09,4,2978.0,12.0,0.0,1,5971,0.5682230528117342
7985,7985,2023-04-09,7,2367.0,12.0,0.0,1,5971,0.9080403556143348
7986,7986,2023-04-09,10,2101.0,0.0,0.0,0,5971,1.1004353554937327
7987,7987,2023-04-09,21,1480.0,0.0,0.0,0,5971,1.8315014794853504
7988,7988,2023-04-10,4,2909.0,10.8,0.0,1,5846,0.683973489556164
7989,7989,2023-04-10,7,2489.0,10.8,0.0,1,5846,0.9148368711320356
7990,7990,2023-04-10,10,2112.0,0.0,0.0,0,5846,1.212948072824524
7991,7991,2023-04-10,21,1499.0,0.0,0.0,0,5846,2.013013929893718
7992,7992,2023-04-11,4,823.0,13.9,0.0,1,1844,0.9375105188091156
7993,7993,2023-04-11,7,699.0,13.9,0.0,1,1844,1.232506234511441
7994,7994,2023-04-11,10,593.0,0.0,0.0,0,1844,1.6054345624464186
7995,7995,2023-04-11,21,449.0,0.0,0.0,0,1844,2.6371363263392333
7996,7996,2023-04-12,4,596.0,13.1,0.0,1,1265,0.9256187935089186
7997,7997,2023-04-12,7,507.0,13.1,0.0,1,1265,1.2019046967138722
7998,7998,2023-04-12,10,442.0,0.0,0.0,0,1265,1.51890756302521
7999,7999,2023-04-12,21,265.0,0.0,0.0,0,1265,2.945029598685383
8000,8000,2023-04-13,4,477.0,12.9,0.0,1,1301,1.0634357981963207
8001,8001,2023-04-13,7,417.0,12.9,0.0,1,1301,1.351451369025262
8002,8002,2023-04-13,10,357.0,0.0,0.0,0,1301,1.726872539375352
8003,8003,2023-04-13,21,249.0,0.0,0.0,0,1301,2.9455952332441377
8004,8004,2023-04-14,4,638.0,7.9,0.0,1,1289,0.675259858109223
8005,8005,2023-04-14,7,527.0,7.9,0.0,1,1289,0.957299774444166
8006,8006,2023-04-14,10,475.0,0.0,0.0,0,1289,1.1906038876110585
8007,8007,2023-04-14,21,329.0,0.0,0.0,0,1289,2.253710410991593
8008,8008,2023-04-15,4,2021.0,12.8,0.0,1,3793,0.7213236625191586
8009,8009,2023-04-15,7,1770.0,12.8,0.0,1,3793,0.8989824020633981
8010,8010,2023-04-15,10,1643.0,0.0,0.0,0,3793,1.0207939987080346
8011,8011,2023-04-15,21,1289.0,0.0,0.0,0,3793,1.4801527208245595
8012,8012,2023-04-16,4,1113.0,13.1,0.0,1,2887,1.0406391685729008
8013,8013,2023-04-16,7,857.0,13.1,0.0,1,2887,1.4741581718124892
8014,8014,2023-04-16,10,816.0,0.0,0.0,0,2887,1.594232201902274
8015,8015,2023-04-16,21,561.0,0.0,0.0,0,2887,2.7902451573352893
8016,8016,2023-04-22,4,1876.0,20.8,0.0,1,4797,1.5570362473347548
8017,8017,2023-04-22,7,1385.0,20.8,0.0,1,4797,2.463537906137184
8018,8018,2023-04-22,10,1239.0,0.0,0.0,0,4797,2.871670702179177
8019,8019,2023-04-22,21,921.0,0.0,0.0,0,4797,4.208469055374593
8020,8020,2023-04-23,4,812.0,19.3,0.0,1,1777,0.8518505055435159
8021,8021,2023-04-23,7,661.0,19.3,0.0,1,1777,1.1432993965603753
8022,8022,2023-04-23,10,576.0,0.0,0.0,0,1777,1.41035667261298
8023,8023,2023-04-23,21,440.0,0.0,0.0,0,1777,2.197362462260986
8024,8024,2023-04-29,4,862.0,12.4,0.0,1,2089,1.4234338747099768
8025,8025,2023-04-29,7,708.0,12.4,0.0,1,2089,1.9505649717514124
8026,8026,2023-04-29,10,666.0,0.0,0.0,0,2089,2.1366366366366365
8027,8027,2023-04-29,21,506.0,0.0,0.0,0,2089,3.128458498023716
8028,8028,2023-04-30,4,1097.0,12.0,0.0,1,3482,1.5324214598572603
8029,8029,2023-04-30,7,885.0,12.0,0.0,1,3482,2.243911480315312
8030,8030,2023-04-30,10,808.0,0.0,0.0,0,3482,2.6489203951235525
8031,8031,2023-04-30,21,583.0,0.0,0.0,0,3482,4.293420730213184
8032,8032,2023-05-01,4,479.0,12.6,1.0,1,1891,2.336055361019388
8033,8033,2023-05-01,7,336.0,12.6,1.0,1,1891,3.662096203346203
8034,8034,2023-05-01,10,291.0,0.0,0.0,0,1891,4.396753958797424
8035,8035,2023-05-01,21,153.0,0.0,0.0,0,1891,8.49915603781966
8036,8036,2023-05-06,4,878.0,8.8,0.0,1,3132,2.567198177676538
8037,8037,2023-05-06,7,714.0,8.8,0.0,1,3132,3.3865546218487395
8038,8038,2023-05-06,10,663.0,0.0,0.0,0,3132,3.723981900452489
8039,8039,2023-05-06,21,523.0,0.0,0.0,0,3132,4.988527724665392
8040,8040,2023-05-07,4,847.0,13.8,0.0,1,2514,1.456619733688171
8041,8041,2023-05-07,7,670.0,13.8,0.0,1,2514,2.163590798866082
8042,8042,2023-05-07,10,591.0,0.0,0.0,0,2514,2.568607589173932
8043,8043,2023-05-07,21,483.0,0.0,0.0,0,2514,3.868849023912731
8044,8044,2023-05-13,4,3649.0,23.4,0.0,1,6064,0.6618251575774184
8045,8045,2023-05-13,7,3187.0,23.4,0.0,1,6064,0.902729839974898
8046,8046,2023-05-13,10,2885.0,0.0,0.0,0,6064,1.1019064124783362
8047,8047,2023-05-13,21,2145.0,0.0,0.0,0,6064,1.827039627039627
8048,8048,2023-05-14,4,1461.0,23.7,0.0,1,3783,1.2766178870356617
8049,8049,2023-05-14,7,717.0,23.7,0.0,1,3783,2.864414823071427
8050,8050,2023-05-14,10,657.0,0.0,0.0,0,3783,3.300353530133541
8051,8051,2023-05-14,21,547.0,0.0,0.0,0,3783,4.538666146851833
8052,8052,2023-05-18,4,1912.0,17.1,0.0,1,4890,1.557531380753138
8053,8053,2023-05-18,7,1653.0,17.1,0.0,1,4890,1.9582577132486387
8054,8054,2023-05-18,10,1391.0,0.0,0.0,0,4890,2.515456506110712
8055,8055,2023-05-18,21,945.0,0.0,0.0,0,4890,4.174603174603175
8056,8056,2023-05-19,4,2894.0,19.5,0.0,1,6492,1.2432619212163096
8057,8057,2023-05-19,7,2469.0,19.5,0.0,1,6492,1.629404617253949
8058,8058,2023-05-19,10,2224.0,0.0,0.0,0,6492,1.919064748201439
8059,8059,2023-05-19,21,1690.0,0.0,0.0,0,6492,2.841420118343195
8060,8060,2023-05-20,4,2204.0,19.1,0.0,1,5156,1.339382940108893
8061,8061,2023-05-20,7,1814.0,19.1,0.0,1,5156,1.8423373759647188
8062,8062,2023-05-20,10,1642.0,0.0,0.0,0,5156,2.140073081607796
8063,8063,2023-05-20,21,1252.0,0.0,0.0,0,5156,3.1182108626198084
8064,8064,2023-05-21,4,3066.0,22.6,0.0,1,6633,0.9519845396929164
8065,8065,2023-05-21,7,2126.0,22.6,0.0,1,6633,1.5746404679210737
8066,8066,2023-05-21,10,1686.0,0.0,0.0,0,6633,2.084630597051914
8067,8067,2023-05-21,21,508.0,0.0,0.0,0,6633,7.15415108666522
8068,8068,2023-05-27,4,1756.0,21.3,0.0,1,3975,1.0016967266826848
8069,8069,2023-05-27,7,1430.0,21.3,0.0,1,3975,1.369162087912088
8070,8070,2023-05-27,10,1271.0,0.0,0.0,0,3975,1.6539401903443829
8071,8071,2023-05-27,21,944.0,0.0,0.0,0,3975,2.5304025423728813
8072,8072,2023-05-28,4,4093.0,18.8,0.0,1,7679,0.5118209131762355
8073,8073,2023-05-28,7,3214.0,18.8,0.0,1,7679,0.8503383555104846
8074,8074,2023-05-28,10,2636.0,0.0,0.0,0,7679,1.1847584629251429
8075,8075,2023-05-28,21,907.0,0.0,0.0,0,7679,4.158652167064995
8076,8076,2023-06-03,4,1814.0,20.9,0.0,1,4355,1.0059226870011695
8077,8077,2023-06-03,7,1391.0,20.9,0.0,1,4355,1.421845542800786
8078,8078,2023-06-03,10,1185.0,0.0,0.0,0,4355,1.7623589441664214
8079,8079,2023-06-03,21,840.0,0.0,0.0,0,4355,2.733888699020278
8080,8080,2023-06-04,4,1962.0,20.5,0.0,1,4612,1.0214629343202133
8081,8081,2023-06-04,7,1609.0,20.5,0.0,1,4612,1.4321658208365269
8082,8082,2023-06-04,10,1481.0,0.0,0.0,0,4612,1.698855809478166
8083,8083,2023-06-04,21,1252.0,0.0,0.0,0,4612,2.31768385085374
8084,8084,2023-06-05,4,1768.0,25.6,0.0,1,4885,1.370086968540496
8085,8085,2023-06-05,7,1399.0,25.6,0.0,1,4885,1.935575859987684
8086,8086,2023-06-05,10,1228.0,0.0,0.0,0,4885,2.334244609896076
8087,8087,2023-06-05,21,908.0,0.0,0.0,0,4885,3.4091631205512627
8088,8088,2023-06-06,4,1667.0,26.0,0.0,1,5319,1.6521043138719604
8089,8089,2023-06-06,7,1201.0,26.0,0.0,1,5319,2.644847300540727
8090,8090,2023-06-06,10,983.0,0.0,0.0,0,5319,3.390964382799232
8091,8091,2023-06-06,21,680.0,0.0,0.0,0,5319,5.090657766892029
8092,8092,2023-06-07,4,1344.0,20.8,0.0,1,2888,0.8408281195689955
8093,8093,2023-06-07,7,1234.0,20.8,0.0,1,2888,1.0451782820097244
8094,8094,2023-06-07,10,1054.0,0.0,0.0,0,2888,1.295711670546174
8095,8095,2023-06-07,21,801.0,0.0,0.0,0,2888,1.91469815529378
8096,8096,2023-06-08,4,967.0,26.3,0.0,1,2356,1.1657812656369884
8097,8097,2023-06-08,7,919.0,26.3,0.0,1,2356,1.330935216850614
8098,8098,2023-06-08,10,826.0,0.0,0.0,0,2356,1.5416564501792993
8099,8099,2023-06-08,21,658.0,0.0,0.0,0,2356,2.370991045020241
8100,8100,2023-06-09,4,2589.0,18.7,0.0,1,4596,1.083310103112046
8101,8101,2023-06-09,7,2353.0,18.7,0.0,1,4596,1.3635034124146896
8102,8102,2023-06-09,10,2102.0,0.0,0.0,0,4596,1.641224326999779
8103,8103,2023-06-09,21,1522.0,0.0,0.0,0,4596,2.64822754637411
8104,8104,2023-06-10,4,2272.0,19.5,0.0,1,4629,0.9071951945485864
8105,8105,2023-06-10,7,1923.0,19.5,0.0,1,4629,1.191588143525741
8106,8106,2023-06-10,10,1743.0,0.0,0.0,0,4629,1.4154563459316718
8107,8107,2023-06-10,21,1340.0,0.0,0.0,0,4629,2.010726103891628
8108,8108,2023-06-11,4,1682.0,21.5,0.0,1,4451,1.1684538359677268
8109,8109,2023-06-11,7,1468.0,21.5,0.0,1,4451,1.529538897086698
8110,8110,2023-06-11,10,1348.0,0.0,0.0,0,4451,1.764076279803283
8111,8111,2023-06-11,21,1109.0,0.0,0.0,0,4451,2.458427236098793
8112,8112,2023-06-12,4,2112.0,24.2,0.0,1,4133,1.029378652705888
8113,8113,2023-06-12,7,1857.0,24.2,0.0,1,4133,1.4007770584507258
8114,8114,2023-06-12,10,1714.0,0.0,0.0,0,4133,1.6797875105168447
8115,8115,2023-06-12,21,1274.0,0.0,0.0,0,4133,2.511746493284242
8116,8116,2023-06-13,4,1350.0,26.8,0.0,1,2542,1.1126706275309628
8117,8117,2023-06-13,7,1194.0,26.8,0.0,1,2542,1.4359844393306096
8118,8118,2023-06-13,10,1063.0,0.0,0.0,0,2542,1.716398013248261
8119,8119,2023-06-13,21,836.0,0.0,0.0,0,2542,2.4901335859477856
8120,8120,2023-06-14,4,1801.0,28.0,0.0,1,3304,0.9060448397853544
8121,8121,2023-06-14,7,1631.0,28.0,0.0,1,3304,1.1481848148312022
8122,8122,2023-06-14,10,1412.0,0.0,0.0,0,3304,1.4375975706686774
8123,8123,2023-06-14,21,1036.0,0.0,0.0,0,3304,2.18772298519134
8124,8124,2023-06-15,4,1083.0,26.9,0.0,1,1882,1.1652403490427008
8125,8125,2023-06-15,7,1016.0,26.9,0.0,1,1882,1.3761811023622048
8126,8126,2023-06-15,10,896.0,0.0,0.0,0,1882,1.6702232142857143
8127,8127,2023-06-15,21,666.0,0.0,0.0,0,1882,2.335171505384271
8128,8128,2023-06-16,4,1288.0,27.8,0.0,1,1738,0.5106803293764768
8129,8129,2023-06-16,7,1177.0,27.8,0.0,1,1738,0.6841940456691397
8130,8130,2023-06-16,10,1101.0,0.0,0.0,0,1738,0.8378538990528092
8131,8131,2023-06-16,21,933.0,0.0,0.0,0,1738,1.2101497174824758
8132,8132,2023-06-17,4,2241.0,28.0,0.0,1,3998,0.9050436558952208
8133,8133,2023-06-17,7,1883.0,28.0,0.0,1,3998,1.1946836715943534
8134,8134,2023-06-17,10,1747.0,0.0,0.0,0,3998,1.3824744278676384
8135,8135,2023-06-17,21,1352.0,0.0,0.0,0,3998,2.0608511808137404
8136,8136,2023-06-18,4,1321.0,17.1,1.0,1,1717,0.3852284692033229
8137,8137,2023-06-18,7,1148.0,17.1,1.0,1,1717,0.6208885979941094
8138,8138,2023-06-18,10,1061.0,0.0,0.0,0,1717,0.7831022569341073
8139,8139,2023-06-18,21,878.0,0.0,0.0,0,1717,1.258382004924999
8140,8140,2023-06-19,4,651.0,20.8,0.0,1,1860,1.4634037175504186
8141,8141,2023-06-19,7,546.0,20.8,0.0,1,1860,1.9588870431893688
8142,8142,2023-06-19,10,467.0,0.0,0.0,0,1860,2.39799781576
8143,8143,2023-06-19,21,275.0,0.0,0.0,0,1860,4.2288576555023925
8144,8144,2023-06-20,4,1113.0,27.0,0.0,1,2424,0.9589916595164426
8145,8145,2023-06-20,7,928.0,27.0,0.0,1,2424,1.3374830215133855
8146,8146,2023-06-20,10,793.0,0.0,0.0,0,2424,1.65190267784289
8147,8147,2023-06-20,21,598.0,0.0,0.0,0,2424,2.454636239826099
8148,8148,2023-06-21,4,1265.0,25.8,1.0,1,2620,1.1153396594946248
8149,8149,2023-06-21,7,1093.0,25.8,1.0,1,2620,1.439750196574776
8150,8150,2023-06-21,10,940.0,0.0,0.0,0,2620,1.7910990356650849
8151,8151,2023-06-21,21,701.0,0.0,0.0,0,2620,2.642731518574248
8152,8152,2023-06-22,4,907.0,25.7,0.0,1,2142,1.2986094708220366
8153,8153,2023-06-22,7,791.0,25.7,0.0,1,2142,1.5857470067673087
8154,8154,2023-06-22,10,694.0,0.0,0.0,0,2142,1.963209582523412
8155,8155,2023-06-22,21,427.0,0.0,0.0,0,2142,3.386785238057887
8156,8156,2023-06-23,4,2552.0,26.5,0.0,1,6253,1.3017475294567329
8157,8157,2023-06-23,7,2101.0,26.5,0.0,1,6253,1.6503495332160971
8158,8158,2023-06-23,10,1792.0,0.0,0.0,0,6253,2.0705589318300315
8159,8159,2023-06-23,21,1127.0,0.0,0.0,0,6253,3.572623367039455
8160,8160,2023-06-24,4,2014.0,27.5,0.0,1,4699,1.1167539806389288
8161,8161,2023-06-24,7,1692.0,27.5,0.0,1,4699,1.5525517139479903
8162,8162,2023-06-24,10,1527.0,0.0,0.0,0,4699,1.8594416345032907
8163,8163,2023-06-24,21,1095.0,0.0,0.0,0,4699,3.11430198770116
8164,8164,2023-06-25,4,1821.0,30.2,0.0,1,3942,0.9900997438320132
8165,8165,2023-06-25,7,1449.0,30.2,0.0,1,3942,1.464572128283906
8166,8166,2023-06-25,10,1284.0,0.0,0.0,0,3942,1.7523619891381192
8167,8167,2023-06-25,21,889.0,0.0,0.0,0,3942,2.907443946555861
8168,8168,2023-06-26,4,1904.0,26.9,0.0,1,3856,0.8584954529757107
8169,8169,2023-06-26,7,1678.0,26.9,0.0,1,3856,1.2327955771748162
8170,8170,2023-06-26,10,1542.0,0.0,0.0,0,3856,1.4658754353176668
8171,8171,2023-06-26,21,1208.0,0.0,0.0,0,3856,2.5092720361545284
8172,8172,2023-06-27,4,2315.0,24.9,0.0,1,5054,0.8631842797433595
8173,8173,2023-06-27,7,1995.0,24.9,0.0,1,5054,1.1540921139827702
8174,8174,2023-06-27,10,1805.0,0.0,0.0,0,5054,1.362533692722372
8175,8175,2023-06-27,21,1360.0,0.0,0.0,0,5054,2.114597735645982
8176,8176,2023-06-28,4,2253.0,28.4,0.0,1,4821,0.9396013565939584
8177,8177,2023-06-28,7,1991.0,28.4,0.0,1,4821,1.1838450568615138
8178,8178,2023-06-28,10,1783.0,0.0,0.0,0,4821,1.4188449167795878
8179,8179,2023-06-28,21,1304.0,0.0,0.0,0,4821,2.204448943548418
8180,8180,2023-06-29,4,1462.0,26.7,0.0,1,3449,1.1827106189474594
8181,8181,2023-06-29,7,1263.0,26.7,0.0,1,3449,1.5132967208870354
8182,8182,2023-06-29,10,1133.0,0.0,0.0,0,3449,1.7904311304189036
8183,8183,2023-06-29,21,868.0,0.0,0.0,0,3449,2.566091537885805
8184,8184,2023-06-30,4,1690.0,21.7,1.0,1,2917,0.8698758740682312
8185,8185,2023-06-30,7,1529.0,21.7,1.0,1,2917,1.0520681504012652
8186,8186,2023-06-30,10,1408.0,0.0,0.0,0,2917,1.2523346284897134
8187,8187,2023-06-30,21,1020.0,0.0,0.0,0,2917,1.9938167410772565
8188,8188,2023-07-01,4,2446.0,21.8,0.0,1,5838,1.1013958098705627
8189,8189,2023-07-01,7,2051.0,21.8,0.0,1,5838,1.3830419861401302
8190,8190,2023-07-01,10,1844.0,0.0,0.0,0,5838,1.6348843687398504
8191,8191,2023-07-01,21,1440.0,0.0,0.0,0,5838,2.400992928892413
8192,8192,2023-07-02,4,1796.0,21.0,1.0,1,3326,0.9427205228079416
8193,8193,2023-07-02,7,1549.0,21.0,1.0,1,3326,1.2600331953088524
8194,8194,2023-07-02,10,1454.0,0.0,0.0,0,3326,1.4620630198978397
8195,8195,2023-07-02,21,1146.0,0.0,0.0,0,3326,2.281823825237157
8196,8196,2023-07-03,4,1923.0,16.9,1.0,1,3188,1.0710434639933182
8197,8197,2023-07-03,7,1588.0,16.9,1.0,1,3188,1.5712148271388764
8198,8198,2023-07-03,10,1425.0,0.0,0.0,0,3188,1.8624299958529416
8199,8199,2023-07-03,21,1077.0,0.0,0.0,0,3188,3.199187781229912
8200,8200,2023-07-04,4,2129.0,20.4,1.0,1,5770,1.2024005002782918
8201,8201,2023-07-04,7,1794.0,20.4,1.0,1,5770,1.599847128485504
8202,8202,2023-07-04,10,1525.0,0.0,0.0,0,5770,1.980276483946361
8203,8203,2023-07-04,21,1255.0,0.0,0.0,0,5770,2.7664257761048514
8204,8204,2023-07-05,4,2020.0,22.7,1.0,1,5714,1.528912476400479
8205,8205,2023-07-05,7,1736.0,22.7,1.0,1,5714,1.9834382356445657
8206,8206,2023-07-05,10,1524.0,0.0,0.0,0,5714,2.364940503009331
8207,8207,2023-07-05,21,1165.0,0.0,0.0,0,5714,3.3309179242461893
8208,8208,2023-07-06,4,1874.0,21.0,1.0,1,4623,1.5045996671516462
8209,8209,2023-07-06,7,1595.0,21.0,1.0,1,4623,1.9344143017093736
8210,8210,2023-07-06,10,1363.0,0.0,0.0,0,4623,2.348158310775996
8211,8211,2023-07-06,21,1010.0,0.0,0.0,0,4623,3.304793402095951
8212,8212,2023-07-07,4,1769.0,22.5,0.0,1,4442,1.0842625704005042
8213,8213,2023-07-07,7,1379.0,22.5,0.0,1,4442,1.5618948663810042
8214,8214,2023-07-07,10,1208.0,0.0,0.0,0,4442,1.9080135639074525
8215,8215,2023-07-07,21,875.0,0.0,0.0,0,4442,2.847218716767104
8216,8216,2023-07-08,4,2615.0,27.0,0.0,1,6329,1.4813584863377067
8217,8217,2023-07-08,7,1931.0,27.0,0.0,1,6329,2.121697920954799
8218,8218,2023-07-08,10,1692.0,0.0,0.0,0,6329,2.5521804163200468
8219,8219,2023-07-08,21,1219.0,0.0,0.0,0,6329,4.093397285900668
8220,8220,2023-07-09,4,2398.0,27.4,0.0,1,5628,1.2840743082080075
8221,8221,2023-07-09,7,1870.0,27.4,0.0,1,5628,1.882191649305389
8222,8222,2023-07-09,10,1686.0,0.0,0.0,0,5628,2.1948943567268846
8223,8223,2023-07-09,21,1245.0,0.0,0.0,0,5628,3.4982806371343016
8224,8224,2023-07-10,4,2759.0,24.4,0.0,1,6540,1.2089494070827889
8225,8225,2023-07-10,7,2219.0,24.4,0.0,1,6540,1.7228150806343807
8226,8226,2023-07-10,10,1939.0,0.0,0.0,0,6540,2.08888095682143
8227,8227,2023-07-10,21,1478.0,0.0,0.0,0,6540,2.931216921098669
8228,8228,2023-07-11,4,3159.0,21.6,0.0,1,8025,1.3662468002401995
8229,8229,2023-07-11,7,2797.0,21.6,0.0,1,8025,1.7886223433017077
8230,8230,2023-07-11,10,2448.0,0.0,0.0,0,8025,2.1253050385611427
8231,8231,2023-07-11,21,1908.0,0.0,0.0,0,8025,2.989675583520912
8232,8232,2023-07-12,4,2619.0,20.9,1.0,1,4765,0.9418292707176616
8233,8233,2023-07-12,7,2381.0,20.9,1.0,1,4765,1.240727576378438
8234,8234,2023-07-12,10,2094.0,0.0,0.0,0,4765,1.5538676783129963
8235,8235,2023-07-12,21,1642.0,0.0,0.0,0,4765,2.227495803016219
8236,8236,2023-07-13,4,2479.0,22.3,1.0,1,7608,1.6635781854440572
8237,8237,2023-07-13,7,2187.0,22.3,1.0,1,7608,2.0900745791285784
8238,8238,2023-07-13,10,1854.0,0.0,0.0,0,7608,2.5749264090544663
8239,8239,2023-07-13,21,1353.0,0.0,0.0,0,7608,3.7416399243152494
8240,8240,2023-07-14,4,2389.0,23.0,0.0,1,6771,1.4699656624025428
8241,8241,2023-07-14,7,2004.0,23.0,0.0,1,6771,1.9555546694877275
8242,8242,2023-07-14,10,1646.0,0.0,0.0,0,6771,2.472371656562483
8243,8243,2023-07-14,21,1112.0,0.0,0.0,0,6771,3.8570143884892087
8244,8244,2023-07-15,4,2682.0,23.4,0.0,1,7498,1.6571646518755687
8245,8245,2023-07-15,7,2139.0,23.4,0.0,1,7498,2.3008084727948903
8246,8246,2023-07-15,10,1812.0,0.0,0.0,0,7498,2.822070967214456
8247,8247,2023-07-15,21,1157.0,0.0,0.0,0,7498,4.685644748376607
8248,8248,2023-07-16,4,2174.0,24.4,1.0,1,3843,0.9376967785899124
8249,8249,2023-07-16,7,1768.0,24.4,1.0,1,3843,1.4197138289517968
8250,8250,2023-07-16,10,1537.0,0.0,0.0,0,3843,1.7676635954325972
8251,8251,2023-07-16,21,1016.0,0.0,0.0,0,3843,3.0648250631406926
8252,8252,2023-07-17,4,2602.0,21.6,1.0,1,5321,1.2661330304781682
8253,8253,2023-07-17,7,2154.0,21.6,1.0,1,5321,1.824800392432736
8254,8254,2023-07-17,10,1845.0,0.0,0.0,0,5321,2.231635679297719
8255,8255,2023-07-17,21,1344.0,0.0,0.0,0,5321,3.574116632558754
8256,8256,2023-07-18,4,3356.0,21.6,1.0,1,10289,1.587982541111595
8257,8257,2023-07-18,7,2820.0,21.6,1.0,1,10289,2.156460646343124
8258,8258,2023-07-18,10,2578.0,0.0,0.0,0,10289,2.496194485651856
8259,8259,2023-07-18,21,2140.0,0.0,0.0,0,10289,3.410104244701798
8260,8260,2023-07-19,4,3154.0,20.9,0.0,1,9372,1.4593235635183943
8261,8261,2023-07-19,7,2651.0,20.9,0.0,1,9372,1.935582892947818
8262,8262,2023-07-19,10,2445.0,0.0,0.0,0,9372,2.2191959961252827
8263,8263,2023-07-19,21,2060.0,0.0,0.0,0,9372,2.9652791541550867
8264,8264,2023-07-20,4,2853.0,21.4,0.0,1,9095,1.5263495125256463
8265,8265,2023-07-20,7,2479.0,21.4,0.0,1,9095,1.8929253722700787
8266,8266,2023-07-20,10,2237.0,0.0,0.0,0,9095,2.2005079074963896
8267,8267,2023-07-20,21,1640.0,0.0,0.0,0,9095,3.2866536744168666
8268,8268,2023-07-21,4,2500.0,22.4,0.0,1,7861,1.4005274440518258
8269,8269,2023-07-21,7,2167.0,22.4,0.0,1,7861,1.7568082694722489
8270,8270,2023-07-21,10,1873.0,0.0,0.0,0,7861,2.1656522647931187
8271,8271,2023-07-21,21,1273.0,0.0,0.0,0,7861,3.4712578279287283
8272,8272,2023-07-22,4,2835.0,19.4,1.0,1,7024,1.2334066389405516
8273,8273,2023-07-22,7,2279.0,19.4,1.0,1,7024,1.7200676187009822
8274,8274,2023-07-22,10,1955.0,0.0,0.0,0,7024,2.1667745157877176
8275,8275,2023-07-22,21,1261.0,0.0,0.0,0,7024,3.646560631001311
8276,8276,2023-07-23,4,2174.0,22.5,0.0,1,7327,1.7348406315383016
8277,8277,2023-07-23,7,1751.0,22.5,0.0,1,7327,2.403613078869379
8278,8278,2023-07-23,10,1455.0,0.0,0.0,0,7327,3.084335807095581
8279,8279,2023-07-23,21,1007.0,0.0,0.0,0,7327,4.814090101682588
8280,8280,2023-07-24,4,2554.0,20.4,1.0,1,5736,1.5212127992081006
8281,8281,2023-07-24,7,2192.0,20.4,1.0,1,5736,2.052320115076807
8282,8282,2023-07-24,10,1944.0,0.0,0.0,0,5736,2.43798225308642
8283,8283,2023-07-24,21,1388.0,0.0,0.0,0,5736,3.621084680636285
8284,8284,2023-07-25,4,3080.0,23.1,0.0,1,8365,1.1978003038093012
8285,8285,2023-07-25,7,2721.0,23.1,0.0,1,8365,1.55014196217191
8286,8286,2023-07-25,10,2446.0,0.0,0.0,0,8365,1.833000932904256
8287,8287,2023-07-25,21,1907.0,0.0,0.0,0,8365,2.712063900231036
8288,8288,2023-07-26,4,2945.0,22.2,0.0,1,10050,1.7636098495684425
8289,8289,2023-07-26,7,2606.0,22.2,0.0,1,10050,2.0841008278945465
8290,8290,2023-07-26,10,2400.0,0.0,0.0,0,10050,2.3506388888888887
8291,8291,2023-07-26,21,1855.0,0.0,0.0,0,10050,3.3078394697352227
8292,8292,2023-07-27,4,2554.0,19.3,1.0,1,6391,1.3251368921853992
8293,8293,2023-07-27,7,2284.0,19.3,1.0,1,6391,1.6509867187780864
8294,8294,2023-07-27,10,2088.0,0.0,0.0,0,6391,1.9151021141769908
8295,8295,2023-07-27,21,1530.0,0.0,0.0,0,6391,2.8658310340511446
8296,8296,2023-07-28,4,2367.0,20.0,1.0,1,6786,1.6477457903313415
8297,8297,2023-07-28,7,2001.0,20.0,1.0,1,6786,2.177072759246815
8298,8298,2023-07-28,10,1668.0,0.0,0.0,0,6786,2.7138892912515624
8299,8299,2023-07-28,21,1167.0,0.0,0.0,0,6786,4.09753765748157
8300,8300,2023-07-29,4,2722.0,24.6,0.0,1,9498,2.143237329165142
8301,8301,2023-07-29,7,2163.0,24.6,0.0,1,9498,2.9618210812840964
8302,8302,2023-07-29,10,1678.0,0.0,0.0,0,9498,3.784363406896774
8303,8303,2023-07-29,21,1175.0,0.0,0.0,0,9498,5.5297643153330895
8304,8304,2023-07-30,4,1986.0,23.9,0.0,1,4360,1.2006633996785654
8305,8305,2023-07-30,7,1511.0,23.9,0.0,1,4360,2.0197337116254594
8306,8306,2023-07-30,10,1236.0,0.0,0.0,0,4360,2.532404506330076
8307,8307,2023-07-30,21,806.0,0.0,0.0,0,4360,4.041370232668057
8308,8308,2023-07-31,4,2083.0,21.1,1.0,1,4272,1.5441597303920278
8309,8309,2023-07-31,7,1539.0,21.1,1.0,1,4272,2.54628416657391
8310,8310,2023-07-31,10,1287.0,0.0,0.0,0,4272,3.109812163828784
8311,8311,2023-07-31,21,849.0,0.0,0.0,0,4272,4.63253249065559
8312,8312,2023-08-01,4,2378.0,21.0,1.0,1,7701,1.78536738021793
8313,8313,2023-08-01,7,1936.0,21.0,1.0,1,7701,2.558205692817336
8314,8314,2023-08-01,10,1654.0,0.0,0.0,0,7701,3.0568335912270888
8315,8315,2023-08-01,21,1246.0,0.0,0.0,0,7701,4.369549082229904
8316,8316,2023-08-02,4,2253.0,20.2,0.0,1,5781,1.48577219722922
8317,8317,2023-08-02,7,1968.0,20.2,0.0,1,5781,2.0020603210217467
8318,8318,2023-08-02,10,1731.0,0.0,0.0,0,5781,2.389549789283483
8319,8319,2023-08-02,21,1306.0,0.0,0.0,0,5781,3.344724481427812
8320,8320,2023-08-03,4,1798.0,17.6,1.0,1,2866,1.1416120475742275
8321,8321,2023-08-03,7,1504.0,17.6,1.0,1,2866,1.642661076006648
8322,8322,2023-08-03,10,1259.0,0.0,0.0,0,2866,2.049840970037602
8323,8323,2023-08-03,21,904.0,0.0,0.0,0,2866,3.007571669642682
8324,8324,2023-08-04,4,1393.0,22.0,1.0,1,4871,2.0230201421295635
8325,8325,2023-08-04,7,1132.0,22.0,1.0,1,4871,2.803415090896946
8326,8326,2023-08-04,10,950.0,0.0,0.0,0,4871,3.5152092649925466
8327,8327,2023-08-04,21,619.0,0.0,0.0,0,4871,5.42276633458984
8328,8328,2023-08-05,4,1682.0,20.6,0.0,1,7196,2.148467921211808
8329,8329,2023-08-05,7,1192.0,20.6,0.0,1,7196,3.2760403411693706
8330,8330,2023-08-05,10,980.0,0.0,0.0,0,7196,4.193723653395784
8331,8331,2023-08-05,21,689.0,0.0,0.0,0,7196,6.213055812112415
8332,8332,2023-08-06,4,1610.0,18.1,1.0,1,3201,1.27149663915596
8333,8333,2023-08-06,7,1249.0,18.1,1.0,1,3201,2.114544798231748
8334,8334,2023-08-06,10,1129.0,0.0,0.0,0,3201,2.569909208358573
8335,8335,2023-08-06,21,865.0,0.0,0.0,0,3201,3.9296142147566897
8336,8336,2023-08-07,4,1503.0,21.8,0.0,1,2927,1.247255019967296
8337,8337,2023-08-07,7,1334.0,21.8,0.0,1,2927,1.8559140890908647
8338,8338,2023-08-07,10,1259.0,0.0,0.0,0,2927,2.238455960085967
8339,8339,2023-08-07,21,953.0,0.0,0.0,0,2927,3.5871321115287538
8340,8340,2023-08-08,4,1559.0,16.6,1.0,1,2344,1.096061260093177
8341,8341,2023-08-08,7,1380.0,16.6,1.0,1,2344,1.6332889677610174
8342,8342,2023-08-08,10,1252.0,0.0,0.0,0,2344,2.0037763494309235
8343,8343,2023-08-08,21,953.0,0.0,0.0,0,2344,3.2792192342419284
8344,8344,2023-08-09,4,1370.0,14.2,1.0,1,2476,1.3191997771396229
8345,8345,2023-08-09,7,1148.0,14.2,1.0,1,2476,1.814701993420048
8346,8346,2023-08-09,10,995.0,0.0,0.0,0,2476,2.2296994654365223
8347,8347,2023-08-09,21,739.0,0.0,0.0,0,2476,3.158498914757372
8348,8348,2023-08-10,4,1293.0,18.1,1.0,1,2943,1.5942437046339857
8349,8349,2023-08-10,7,1028.0,18.1,1.0,1,2943,2.1737363695771954
8350,8350,2023-08-10,10,824.0,0.0,0.0,0,2943,2.811646535647239
8351,8351,2023-08-10,21,557.0,0.0,0.0,0,2943,4.2983165944277095
8352,8352,2023-08-11,4,1198.0,21.1,0.0,1,4815,2.2369434914660458
8353,8353,2023-08-11,7,895.0,21.1,0.0,1,4815,3.1005401605682783
8354,8354,2023-08-11,10,724.0,0.0,0.0,0,4815,3.935585521444438
8355,8355,2023-08-11,21,507.0,0.0,0.0,0,4815,6.089180050718512
8356,8356,2023-08-12,4,1636.0,22.5,0.0,1,5482,1.6966705706832592
8357,8357,2023-08-12,7,1250.0,22.5,0.0,1,5482,2.368227872860636
8358,8358,2023-08-12,10,1085.0,0.0,0.0,0,5482,2.869144376078058
8359,8359,2023-08-12,21,778.0,0.0,0.0,0,5482,4.564537520671983
8360,8360,2023-08-13,4,1506.0,23.4,0.0,1,4066,1.4330245080284922
8361,8361,2023-08-13,7,1246.0,23.4,0.0,1,4066,1.9991602144308984
8362,8362,2023-08-13,10,1120.0,0.0,0.0,0,4066,2.377055865607911
8363,8363,2023-08-13,21,795.0,0.0,0.0,0,4066,3.750531673474681
8364,8364,2023-08-14,4,1363.0,23.9,1.0,1,4279,1.572744597164908
8365,8365,2023-08-14,7,1135.0,23.9,1.0,1,4279,2.1901373002069344
8366,8366,2023-08-14,10,1022.0,0.0,0.0,0,4279,2.55787429976254
8367,8367,2023-08-14,21,731.0,0.0,0.0,0,4279,3.870482113396312
8368,8368,2023-08-15,4,992.0,24.6,1.0,1,2297,1.297472606528756
8369,8369,2023-08-15,7,856.0,24.6,1.0,1,2297,1.9137542185877463
8370,8370,2023-08-15,10,786.0,0.0,0.0,0,2297,2.23321158433048
8371,8371,2023-08-15,21,642.0,0.0,0.0,0,2297,3.246199968720544
8372,8372,2023-08-16,4,2997.0,22.2,0.0,1,7131,1.363017230958152
8373,8373,2023-08-16,7,2522.0,22.2,0.0,1,7131,1.811792047784876
8374,8374,2023-08-16,10,2258.0,0.0,0.0,0,7131,2.2120631413445464
8375,8375,2023-08-16,21,1583.0,0.0,0.0,0,7131,3.4341136693687067
8376,8376,2023-08-17,4,2201.0,22.8,0.0,1,5516,1.664605249362178
8377,8377,2023-08-17,7,1936.0,22.8,0.0,1,5516,2.0654213521203086
8378,8378,2023-08-17,10,1613.0,0.0,0.0,0,5516,2.598365127251885
8379,8379,2023-08-17,21,1209.0,0.0,0.0,0,5516,3.896426052429424
8380,8380,2023-08-18,4,866.0,23.4,0.0,1,2404,1.779695831249135
8381,8381,2023-08-18,7,730.0,23.4,0.0,1,2404,2.290858464062849
8382,8382,2023-08-18,10,604.0,0.0,0.0,0,2404,3.016911862749456
8383,8383,2023-08-18,21,454.0,0.0,0.0,0,2404,4.426718196805492
8384,8384,2023-08-19,4,1467.0,19.9,0.0,1,4425,1.63938563285907
8385,8385,2023-08-19,7,1172.0,19.9,0.0,1,4425,2.186306097498853
8386,8386,2023-08-19,10,1026.0,0.0,0.0,0,4425,2.606432748538012
8387,8387,2023-08-19,21,753.0,0.0,0.0,0,4425,3.852247011952192
8388,8388,2023-08-20,4,890.0,17.7,1.0,1,2840,1.5254716621201423
8389,8389,2023-08-20,7,770.0,17.7,1.0,1,2840,1.9315007573072087
8390,8390,2023-08-20,10,704.0,0.0,0.0,0,2840,2.245873272829246
8391,8391,2023-08-20,21,571.0,0.0,0.0,0,2840,3.1748466588770548
8392,8392,2023-08-26,4,1165.0,17.3,1.0,1,2205,0.8927038626609443
8393,8393,2023-08-26,7,993.0,17.3,1.0,1,2205,1.2205438066465255
8394,8394,2023-08-26,10,887.0,0.0,0.0,0,2205,1.4859075535512964
8395,8395,2023-08-26,21,664.0,0.0,0.0,0,2205,2.3207831325301207
8396,8396,2023-08-27,4,1626.0,21.2,0.0,1,6075,2.137311950042577
8397,8397,2023-08-27,7,1207.0,21.2,0.0,1,6075,3.166570008285004
8398,8398,2023-08-27,10,926.0,0.0,0.0,0,6075,4.146947593997422
8399,8399,2023-08-27,21,558.0,0.0,0.0,0,6075,7.072669266217654
8400,8400,2023-09-02,4,1740.0,21.1,0.0,1,3393,0.95
8401,8401,2023-09-02,7,1455.0,21.1,0.0,1,3393,1.331958762886598
8402,8402,2023-09-02,10,1289.0,0.0,0.0,0,3393,1.6322730799069043
8403,8403,2023-09-02,21,983.0,0.0,0.0,0,3393,2.451678535096643
8404,8404,2023-09-03,4,1621.0,20.6,0.0,1,5333,2.302430802894333
8405,8405,2023-09-03,7,1315.0,20.6,0.0,1,5333,3.3023986084995567
8406,8406,2023-09-03,10,1080.0,0.0,0.0,0,5333,4.753653014328197
8407,8407,2023-09-03,21,431.0,0.0,0.0,0,5333,11.422340761856791
8408,8408,2023-09-09,4,1328.0,25.3,0.0,1,4988,2.7560240963855422
8409,8409,2023-09-09,7,954.0,25.3,0.0,1,4988,4.228511530398323
8410,8410,2023-09-09,10,863.0,0.0,0.0,0,4988,4.779837775202781
8411,8411,2023-09-09,21,622.0,0.0,0.0,0,4988,7.019292604501608
8412,8412,2023-09-10,4,3376.0,25.6,0.0,1,8783,1.3475822344109882
8413,8413,2023-09-10,7,2493.0,25.6,0.0,1,8783,2.1955506787311663
8414,8414,2023-09-10,10,2163.0,0.0,0.0,0,8783,2.663985034819341
8415,8415,2023-09-10,21,1308.0,0.0,0.0,0,8783,4.821635232995692
8416,8416,2023-09-16,4,1179.0,21.7,0.0,1,4174,2.5402883799830365
8417,8417,2023-09-16,7,882.0,21.7,0.0,1,4174,3.7324263038548753
8418,8418,2023-09-16,10,788.0,0.0,0.0,0,4174,4.2969543147208125
8419,8419,2023-09-16,21,565.0,0.0,0.0,0,4174,6.387610619469027
8420,8420,2023-09-17,4,2384.0,17.5,0.0,1,5999,1.224469396975666
8421,8421,2023-09-17,7,1803.0,17.5,0.0,1,5999,1.8700174049075915
8422,8422,2023-09-17,10,1571.0,0.0,0.0,0,5999,2.294420758481269
8423,8423,2023-09-17,21,1026.0,0.0,0.0,0,5999,4.099398369661528
8424,8424,2023-09-23,4,1191.0,19.5,0.0,1,3749,2.147774979009236
8425,8425,2023-09-23,7,950.0,19.5,0.0,1,3749,2.946315789473684
8426,8426,2023-09-23,10,871.0,0.0,0.0,0,3749,3.304247990815155
8427,8427,2023-09-23,21,607.0,0.0,0.0,0,3749,5.176276771004942
8428,8428,2023-09-24,4,2523.0,16.9,0.0,1,6084,1.154379706698375
8429,8429,2023-09-24,7,1983.0,16.9,0.0,1,6084,1.6875333102455208
8430,8430,2023-09-24,10,1677.0,0.0,0.0,0,6084,2.0987092586351097
8431,8431,2023-09-24,21,1048.0,0.0,0.0,0,6084,4.125048728798543
8432,8432,2023-10-05,4,,11.4,1.0,1,1457,
8433,8433,2023-10-05,7,,11.4,1.0,1,1457,
8434,8434,2023-10-05,10,,0.0,0.0,0,1457,
8435,8435,2023-10-05,21,,0.0,0.0,0,1457,
8436,8436,2023-10-07,4,1973.0,10.8,0.0,1,4314,1.186517992904207
8437,8437,2023-10-07,7,1600.0,10.8,0.0,1,4314,1.69625
8438,8438,2023-10-07,10,1344.0,0.0,0.0,0,4314,2.2098214285714284
8439,8439,2023-10-07,21,758.0,0.0,0.0,0,4314,4.691292875989446
8440,8440,2023-10-08,4,817.0,10.4,0.0,1,2252,1.1880107427759825
8441,8441,2023-10-08,7,622.0,10.4,0.0,1,2252,1.74829423559418
8442,8442,2023-10-08,10,479.0,0.0,0.0,0,2252,2.3658093602639534
8443,8443,2023-10-08,21,277.0,0.0,0.0,0,2252,4.293168094355364
8444,8444,2023-10-14,4,2650.0,12.0,0.0,1,5470,1.0641509433962264
8445,8445,2023-10-14,7,2242.0,12.0,0.0,1,5470,1.43978590544157
8446,8446,2023-10-14,10,1985.0,0.0,0.0,0,5470,1.7556675062972291
8447,8447,2023-10-14,21,1160.0,0.0,0.0,0,5470,3.715517241379312
8448,8448,2023-10-15,4,1385.0,11.3,0.0,1,3590,1.115643591899701
8449,8449,2023-10-15,7,1024.0,11.3,0.0,1,3590,1.657568862757732
8450,8450,2023-10-15,10,861.0,0.0,0.0,0,3590,2.0382656089476248
8451,8451,2023-10-15,21,472.0,0.0,0.0,0,3590,4.090448907747184
8452,8452,2023-10-21,4,2770.0,5.6,1.0,1,4347,0.5693140794223827
8453,8453,2023-10-21,7,2322.0,5.6,1.0,1,4347,0.872093023255814
8454,8454,2023-10-21,10,2141.0,0.0,0.0,0,4347,1.0303596450256889
8455,8455,2023-10-21,21,1313.0,0.0,0.0,0,4347,2.310738766184311
8456,8456,2023-10-22,4,2049.0,7.2,1.0,1,4527,0.8491185121983814
8457,8457,2023-10-22,7,1660.0,7.2,1.0,1,4527,1.2293964940489912
8458,8458,2023-10-22,10,1484.0,0.0,0.0,0,4527,1.4992852898104716
8459,8459,2023-10-22,21,884.0,0.0,0.0,0,4527,2.883515014397367
8460,8460,2023-10-28,4,4839.0,2.9,0.0,1,8357,0.7270097127505682
8461,8461,2023-10-28,7,4200.0,2.9,0.0,1,8357,0.9897619047619048
8462,8462,2023-10-28,10,3938.0,0.0,0.0,0,8357,1.122143219908583
8463,8463,2023-10-28,21,2661.0,0.0,0.0,0,8357,2.1405486659150696
8464,8464,2023-10-29,4,2875.0,5.2,1.0,1,6281,0.8767040635786176
8465,8465,2023-10-29,7,2483.0,5.2,1.0,1,6281,1.1223863482475875
8466,8466,2023-10-29,10,2220.0,0.0,0.0,0,6281,1.3292642993051396
8467,8467,2023-10-29,21,1419.0,0.0,0.0,0,6281,2.359971759582178
8468,8468,2023-10-30,4,1640.0,6.9,1.0,1,3557,0.8048843645216113
8469,8469,2023-10-30,7,1344.0,6.9,1.0,1,3557,1.1232677787237857
8470,8470,2023-10-30,10,1169.0,0.0,0.0,0,3557,1.3526548133013168
8471,8471,2023-10-30,21,708.0,0.0,0.0,0,3557,2.5749397980920627
8472,8472,2023-10-31,4,1113.0,7.0,1.0,1,2873,1.5813117699910153
8473,8473,2023-10-31,7,926.0,7.0,1.0,1,2873,2.102591792656588
8474,8474,2023-10-31,10,813.0,0.0,0.0,0,2873,2.5338253382533824
8475,8475,2023-10-31,21,572.0,0.0,0.0,0,2873,4.0227272727272725
8476,8476,2023-11-01,4,1772.0,,0.0,1,6102,0.9791903140370792
8477,8477,2023-11-01,7,1428.0,,0.0,1,6102,1.361625282167043
8478,8478,2023-11-01,10,1180.0,0.0,0.0,0,6102,2.9275634614882904
8479,8479,2023-11-01,21,731.0,0.0,0.0,0,6102,5.239690376315853
8480,8480,2023-11-03,10,1553.0,0.0,0.0,0,3583,1.5009032546366965
8481,8481,2023-11-03,21,1059.0,0.0,0.0,0,3583,2.621911640541997
8482,8482,2023-11-04,10,2651.0,0.0,0.0,0,6400,1.345268646115075
8483,8483,2023-11-04,21,1831.0,0.0,0.0,0,6400,2.346693809660912
8484,8484,2023-11-05,10,867.0,0.0,0.0,0,4195,2.450889320728744
8485,8485,2023-11-05,21,548.0,0.0,0.0,0,4195,4.056492473463276
8486,8486,2023-11-11,10,977.0,0.0,0.0,0,3646,2.7318321392016376
8487,8487,2023-11-11,21,650.0,0.0,0.0,0,3646,4.609230769230769
8488,8488,2023-11-12,10,317.0,0.0,0.0,0,1787,4.637223974763407
8489,8489,2023-11-12,21,183.0,0.0,0.0,0,1787,8.765027322404372
8490,8490,2023-11-30,10,,0.0,0.0,0,407,
8491,8491,2023-11-30,21,,0.0,0.0,0,407,
8492,8492,2023-12-02,10,1755.0,0.0,0.0,0,3556,1.0262108262108265
8493,8493,2023-12-02,21,1336.0,0.0,0.0,0,3556,1.6616766467065869
8494,8494,2023-12-03,10,1206.0,0.0,0.0,0,2133,0.6744518149990787
8495,8495,2023-12-03,21,855.0,0.0,0.0,0,2133,1.1419660787783588
8496,8496,2023-12-09,10,2386.0,0.0,0.0,0,3913,0.6399832355406538
8497,8497,2023-12-09,21,1823.0,0.0,0.0,0,391320,213.65715852989567
8498,8498,2023-12-10,10,2000.0,0.0,0.0,0,3820,0.7024226804123712
8499,8499,2023-12-10,21,1435.0,0.0,0.0,0,3820,1.229068705388857
8500,8500,2023-12-16,10,2214.0,0.0,0.0,0,5031,1.272357723577236
8501,8501,2023-12-16,21,1872.0,0.0,0.0,0,5031,1.6875
8502,8502,2023-12-17,10,2157.0,0.0,0.0,0,3542,0.4982490093683575
8503,8503,2023-12-17,21,1352.0,0.0,0.0,0,3542,1.1104688634213942
8504,8504,2023-12-27,10,965.0,0.0,0.0,0,3241,1.4467883476627
8505,8505,2023-12-27,21,658.0,0.0,0.0,0,3241,2.4361980131959378
8506,8506,2023-12-28,10,828.0,0.0,0.0,0,1721,0.7378758031987243
8507,8507,2023-12-28,21,590.0,0.0,0.0,0,1721,1.3369079435143196
8508,8508,2023-12-29,10,667.0,0.0,0.0,0,1657,1.0208271603843049
8509,8509,2023-12-29,21,471.0,0.0,0.0,0,1657,1.8051282830226247
8510,8510,2023-12-30,10,822.0,0.0,0.0,0,2617,1.6726305634132117
8511,8511,2023-12-30,21,524.0,0.0,0.0,0,2617,2.961372025467134
8512,8512,2023-12-31,10,89.0,0.0,0.0,0,1483,19.18918918918919
8513,8513,2023-12-31,21,73.0,0.0,0.0,0,1483,23.9
8514,8514,2024-03-29,4,4342.0,11.4,0.0,1,5009,0.4878587196467991
8515,8515,2024-03-29,7,4113.0,11.4,0.0,1,5009,0.6766169154228856
8516,8516,2024-03-29,10,3943.0,0.0,0.0,0,5009,0.8134529147982063
8517,8517,2024-03-29,21,3433.0,0.0,0.0,0,5009,1.024024024024024
8518,8518,2024-03-30,4,4925.0,9.1,0.0,1,7120,0.4878587196467991
8519,8519,2024-03-30,7,4091.0,9.1,0.0,1,7120,0.6766169154228856
8520,8520,2024-03-30,10,3656.0,0.0,0.0,0,7120,0.8134529147982063
8521,8521,2024-03-30,21,2358.0,0.0,0.0,0,7120,1.024024024024024
8522,8522,2024-03-31,4,4665.0,12.8,0.0,1,6474,0.4878587196467991
8523,8523,2024-03-31,7,3755.0,12.8,0.0,1,6474,0.6766169154228856
8524,8524,2024-03-31,10,3364.0,0.0,0.0,0,6474,0.8134529147982063
8525,8525,2024-03-31,21,2146.0,0.0,0.0,0,6474,1.024024024024024
8526,8526,2024-04-01,4,4356.0,5.3,0.0,1,5830,0.4279538904899135
8527,8527,2024-04-01,7,3524.0,5.3,0.0,1,5830,0.543613707165109
8528,8528,2024-04-01,10,3064.0,0.0,0.0,0,5830,0.6245901639344262
8529,8529,2024-04-01,21,2027.0,0.0,0.0,0,5830,1.512040557667934
8530,8530,2024-04-02,4,1233.0,1.6,1.0,1,902,0.6437869822485207
8531,8531,2024-04-02,7,1119.0,1.6,1.0,1,902,0.8204456094364351
8532,8532,2024-04-02,10,1016.0,0.0,0.0,0,902,0.9646393210749646
8533,8533,2024-04-02,21,800.0,0.0,0.0,0,902,1.875776397515528
8534,8534,2024-04-03,4,1182.0,1.4,0.0,1,1374,0.6437869822485207
8535,8535,2024-04-03,7,1100.0,1.4,0.0,1,1374,0.8204456094364351
8536,8536,2024-04-03,10,991.0,0.0,0.0,0,1374,0.9646393210749646
8537,8537,2024-04-03,21,772.0,0.0,0.0,0,1374,1.875776397515528
8538,8538,2024-04-04,4,1166.0,2.9,1.0,1,1308,0.6437869822485207
8539,8539,2024-04-04,7,1089.0,2.9,1.0,1,1308,0.8204456094364351
8540,8540,2024-04-04,10,1025.0,0.0,0.0,0,1308,0.9646393210749646
8541,8541,2024-04-04,21,813.0,0.0,0.0,0,1308,1.875776397515528
8542,8542,2024-04-05,4,1373.0,2.2,1.0,1,1639,0.6437869822485207
8543,8543,2024-04-05,7,1194.0,2.2,1.0,1,1639,0.8204456094364351
8544,8544,2024-04-05,10,1087.0,0.0,0.0,0,1639,0.9646393210749646
8545,8545,2024-04-05,21,839.0,0.0,0.0,0,1639,1.875776397515528
8546,8546,2024-04-06,4,2947.0,7.8,0.0,1,3785,0.2792281498297389
8547,8547,2024-04-06,7,2429.0,7.8,0.0,1,3785,0.4764192139737991
8548,8548,2024-04-06,10,2213.0,0.0,0.0,0,3785,0.5978260869565217
8549,8549,2024-04-06,21,1732.0,0.0,0.0,0,3785,1.1645326504481437
8550,8550,2024-04-07,4,2341.0,8.8,0.0,1,4465,0.8674609084139985
8551,8551,2024-04-07,7,1807.0,8.8,0.0,1,4465,1.3840304182509506
8552,8552,2024-04-07,10,1547.0,0.0,0.0,0,4465,1.5256797583081572
8553,8553,2024-04-07,21,1263.0,0.0,0.0,0,4465,2.7488789237668163
8554,5970,2024-04-13,4,2215.0,14.6,0.0,1,4257,0.68
8555,5973,2024-04-13,7,1828.0,14.6,0.0,1,4257,0.96
8556,5976,2024-04-13,10,1666.0,0.0,0.0,0,4257,1.19
8557,5977,2024-04-13,21,1247.0,0.0,0.0,0,4257,2.25
8558,5983,2024-04-14,4,1259.0,10.0,1.0,1,2093,0.72
8559,5986,2024-04-14,7,1036.0,10.0,1.0,1,2093,0.9
8560,5989,2024-04-14,10,953.0,0.0,0.0,0,2093,1.02
8561,5990,2024-04-14,21,805.0,0.0,0.0,0,2093,1.48
8562,5996,2024-04-20,4,636.0,4.6,1.0,1,2154,1.56
8563,999,2024-04-20,7,536.0,4.6,1.0,1,2154,2.46
8564,6002,2024-04-20,10,481.0,0.0,0.0,0,2154,2.87
8565,6003,2024-04-20,21,297.0,0.0,0.0,0,2154,4.21
8566,6009,2024-04-21,4,785.0,3.7,1.0,1,1873,1.56
8567,6012,2024-04-21,7,685.0,3.7,1.0,1,1873,2.46
8568,6015,2024-04-21,10,632.0,0.0,0.0,0,1873,2.87
8569,6016,2024-04-21,21,461.0,0.0,0.0,0,1873,4.21
8570,6017,2024-04-27,4,1963.0,7.2,1.0,1,3288,1.42
8571,6017,2024-04-27,7,1470.0,11.2,1.0,1,3288,1.95
8572,6017,2024-04-27,10,788.0,0.0,0.0,0,3288,2.14
8573,6017,2024-04-27,21,570.0,0.0,0.0,0,3288,3.13
8574,6017,2024-04-28,4,1782.0,12.2,1.0,1,4223,1.42
8575,6017,2024-04-28,7,1207.0,11.8,1.0,1,4223,1.95
8576,6017,2024-04-28,10,782.0,0.0,0.0,0,4223,2.14
8577,6017,2024-04-28,21,404.0,0.0,0.0,0,4223,3.13
