,date,visitors,weather_rain,weather_temp
0,2010-04-28,2,1.0,10.7
1,2010-04-30,2,0.0,17.5
2,2010-05-01,780,0.0,14.0
3,2010-05-02,557,0.0,12.3
4,2010-05-03,112,0.0,12.4
5,2010-05-04,106,0.0,12.1
6,2010-05-05,105,0.0,11.2
7,2010-05-06,134,0.0,9.6
8,2010-05-07,301,0.0,11.1
9,2010-05-08,617,1.0,6.5
10,2010-05-09,565,0.0,10.8
11,2010-05-10,179,0.0,13.9
12,2010-05-11,354,0.0,13.1
13,2010-05-12,527,0.0,13.5
14,2010-05-13,1837,1.0,12.5
15,2010-05-14,2772,1.0,15.5
16,2010-05-15,3835,0.0,20.6
17,2010-05-16,1355,0.0,12.9
18,2010-05-17,332,0.0,16.6
19,2010-05-18,386,1.0,21.5
20,2010-05-19,376,1.0,20.8
21,2010-05-20,603,0.0,23.1
22,2010-05-21,633,0.0,23.1
23,2010-05-22,16,0.0,22.0
24,2010-05-23,1638,1.0,18.2
25,2010-05-24,534,0.0,17.8
26,2010-05-25,405,1.0,13.7
27,2010-05-26,396,0.0,14.9
28,2010-05-27,404,0.0,16.9
29,2010-05-28,1012,1.0,15.8
30,2010-05-29,3359,1.0,15.8
31,2010-05-30,2089,0.0,17.7
32,2010-05-31,618,0.0,18.1
33,2010-06-01,657,0.0,18.7
34,2010-06-02,419,0.0,23.3
35,2010-06-03,616,0.0,22.5
36,2010-06-04,1112,0.0,20.3
37,2010-06-05,4161,0.0,19.2
38,2010-06-06,2627,0.0,22.2
39,2010-06-07,1362,1.0,13.6
40,2010-06-08,1412,0.0,17.8
41,2010-06-09,1358,1.0,16.8
42,2010-06-10,937,0.0,16.8
43,2010-06-11,1279,1.0,14.1
44,2010-06-12,3965,0.0,16.2
45,2010-06-13,2574,0.0,20.0
46,2010-06-14,1808,0.0,17.9
47,2010-06-15,1785,0.0,18.8
48,2010-06-16,2157,0.0,21.1
49,2010-06-17,2275,0.0,23.3
50,2010-06-18,1885,1.0,19.3
51,2010-06-19,4975,0.0,17.1
52,2010-06-20,3050,1.0,17.6
53,2010-06-21,2062,0.0,17.7
54,2010-06-22,2649,0.0,22.4
55,2010-06-23,2272,0.0,23.4
56,2010-06-24,1613,0.0,23.6
57,2010-06-25,1573,0.0,22.9
58,2010-06-26,3386,0.0,22.3
59,2010-06-27,2950,0.0,26.0
60,2010-06-28,2677,0.0,26.1
61,2010-06-29,3762,0.0,27.2
62,2010-06-30,3785,0.0,24.0
63,2010-07-01,3625,0.0,22.7
64,2010-07-02,2849,0.0,26.9
65,2010-07-03,4706,0.0,31.0
66,2010-07-04,3159,0.0,29.8
67,2010-07-05,4206,0.0,26.4
68,2010-07-06,6287,1.0,22.6
69,2010-07-07,5433,0.0,25.1
70,2010-07-08,5185,0.0,26.5
71,2010-07-09,4386,0.0,26.7
72,2010-07-10,5163,0.0,33.8
73,2010-07-11,3933,0.0,32.8
74,2010-07-12,4982,0.0,30.6
75,2010-07-13,5558,1.0,32.1
76,2010-07-14,6962,0.0,26.1
77,2010-07-15,5457,1.0,28.4
78,2010-07-16,5023,0.0,26.9
79,2010-07-17,5161,1.0,24.5
80,2010-07-18,5510,0.0,22.6
81,2010-07-19,7350,0.0,22.9
82,2010-07-20,9425,0.0,26.9
83,2010-07-21,7956,0.0,27.4
84,2010-07-22,7648,1.0,25.1
85,2010-07-23,7226,0.0,18.3
86,2010-07-24,7585,1.0,17.3
87,2010-07-25,3572,1.0,17.9
88,2010-07-26,7566,0.0,17.6
89,2010-07-27,10187,0.0,25.8
90,2010-07-28,9274,1.0,24.6
91,2010-07-29,4601,1.0,19.4
92,2010-07-30,6010,1.0,20.7
93,2010-07-31,7599,0.0,22.3
94,2010-08-01,4675,1.0,22.9
95,2010-08-02,3404,1.0,18.2
96,2010-08-03,8003,1.0,17.9
97,2010-08-04,8455,0.0,21.4
98,2010-08-05,8504,0.0,23.3
99,2010-08-06,6229,0.0,23.3
100,2010-08-07,5841,1.0,20.7
101,2010-08-08,2911,0.0,18.5
102,2010-08-09,3101,0.0,23.7
103,2010-08-10,6130,0.0,22.2
104,2010-08-11,4971,0.0,23.1
105,2010-08-12,3665,0.0,24.8
106,2010-08-13,3441,0.0,26.5
107,2010-08-14,4378,0.0,27.0
108,2010-08-15,2586,1.0,23.8
109,2010-08-16,2426,0.0,21.6
110,2010-08-17,1784,1.0,22.3
111,2010-08-18,1820,0.0,22.5
112,2010-08-19,1078,1.0,18.3
113,2010-08-20,2112,0.0,21.9
114,2010-08-21,3656,1.0,24.0
115,2010-08-22,2396,0.0,20.5
116,2010-08-23,710,0.0,21.2
117,2010-08-24,590,1.0,20.2
118,2010-08-25,425,1.0,15.1
119,2010-08-26,749,1.0,16.2
120,2010-08-27,1002,0.0,16.1
121,2010-08-28,3386,0.0,17.1
122,2010-08-29,1713,1.0,16.5
123,2010-08-30,14,0.0,15.7
124,2010-08-31,7,0.0,18.1
125,2010-09-01,17,1.0,17.9
126,2010-09-03,11,0.0,14.8
127,2010-09-04,50,0.0,15.4
128,2010-09-05,28,0.0,16.8
129,2010-09-06,2,0.0,16.4
130,2010-09-07,18,0.0,17.6
131,2010-09-09,2,0.0,18.1
132,2010-09-10,2,1.0,14.7
133,2010-09-11,3941,0.0,17.3
134,2010-09-12,3314,1.0,19.9
135,2010-09-13,5,1.0,17.4
136,2010-09-14,26,1.0,14.7
137,2010-09-15,6,0.0,15.2
138,2010-09-17,2,1.0,14.6
139,2010-09-18,2246,1.0,10.9
140,2010-09-19,1685,1.0,15.3
141,2010-09-20,1,1.0,15.0
142,2010-09-21,15,1.0,12.7
143,2010-09-22,4,0.0,16.2
144,2010-09-23,20,0.0,18.4
145,2010-09-24,9,0.0,19.9
146,2010-09-25,1911,0.0,18.2
147,2010-09-26,1386,1.0,10.8
148,2010-09-27,5,0.0,13.6
149,2010-09-28,3,0.0,12.3
150,2010-09-29,18,0.0,12.5
151,2010-09-30,11,0.0,12.4
152,2010-10-01,7,1.0,11.2
153,2010-10-02,1681,0.0,12.2
154,2010-10-03,4537,0.0,13.7
155,2010-10-05,2,0.0,12.4
156,2010-10-06,4,0.0,11.1
157,2010-10-07,5,1.0,9.8
158,2010-10-08,1,1.0,12.4
159,2010-10-09,1,0.0,12.0
160,2010-10-10,13,0.0,10.8
161,2010-10-11,1,0.0,9.1
162,2010-10-12,4,0.0,8.9
163,2010-10-14,4,1.0,10.0
164,2010-10-15,14,0.0,6.3
165,2010-10-16,1,0.0,5.9
166,2010-10-18,5,0.0,9.4
167,2010-10-19,6,1.0,8.7
168,2010-10-21,2,0.0,4.9
169,2010-10-22,1,0.0,4.0
170,2010-10-25,3,0.0,5.5
171,2010-10-26,3,0.0,5.9
172,2010-10-27,4,1.0,6.2
173,2010-10-28,1,1.0,11.9
174,2010-10-30,572,0.0,10.6
175,2010-10-31,447,0.0,11.8
176,2010-11-01,622,0.0,9.9
177,2010-11-02,607,1.0,8.0
178,2010-11-03,395,1.0,11.1
179,2010-11-04,1251,0.0,9.1
180,2010-11-05,1219,0.0,7.3
181,2010-11-06,990,0.0,4.9
182,2010-11-07,380,0.0,4.2
183,2010-11-08,3,0.0,2.0
184,2010-11-09,1,1.0,0.7
185,2010-11-11,5,0.0,1.7
186,2010-11-12,5,1.0,4.7
187,2010-11-13,6,1.0,4.3
188,2010-11-14,4,0.0,6.9
189,2010-11-15,8,1.0,5.4
190,2010-11-16,15,0.0,3.9
191,2010-11-17,2,0.0,1.1
192,2010-11-18,26,0.0,1.0
193,2010-11-19,3,0.0,1.0
194,2010-11-20,10,1.0,1.7
195,2010-11-22,14,1.0,0.7
196,2010-11-23,1,1.0,0.7
197,2010-11-24,3,1.0,-1.6
198,2010-11-25,1,1.0,-3.2
199,2010-11-27,10,0.0,-6.7
200,2010-11-28,2,1.0,-1.5
201,2010-11-30,8,0.0,-8.4
202,2010-12-02,5,1.0,-6.8
203,2010-12-04,2,0.0,-4.4
204,2010-12-05,1,1.0,-1.3
205,2010-12-07,5,1.0,-3.1
206,2010-12-19,3,1.0,-7.6
207,2011-02-21,68,0.0,-4.7
208,2011-03-05,192,0.0,3.7
209,2011-03-06,86,0.0,2.4
210,2011-03-18,18,1.0,1.1
211,2011-03-22,1,0.0,13.5
212,2011-03-25,7,0.0,4.5
213,2011-04-05,3,0.0,12.3
214,2011-04-06,9,1.0,12.0
215,2011-04-07,32,0.0,12.3
216,2011-04-08,4,1.0,13.4
217,2011-04-09,9,0.0,11.8
218,2011-04-10,8,0.0,13.9
219,2011-04-11,4,0.0,17.8
220,2011-04-12,1,0.0,12.5
221,2011-04-13,5,0.0,6.8
222,2011-04-14,5,0.0,13.5
223,2011-04-15,17,0.0,12.9
224,2011-04-16,3,0.0,14.5
225,2011-04-17,16,0.0,16.3
226,2011-04-18,836,0.0,18.5
227,2011-04-19,1038,0.0,15.3
228,2011-04-20,976,0.0,18.0
229,2011-04-21,980,0.0,20.1
230,2011-04-22,2353,0.0,17.8
231,2011-04-23,2254,0.0,16.3
232,2011-04-24,2105,0.0,19.5
233,2011-04-25,1373,0.0,21.0
234,2011-04-26,12,0.0,19.9
235,2011-04-27,11,1.0,14.8
236,2011-04-28,6,0.0,15.5
237,2011-04-29,4426,0.0,18.6
238,2011-04-30,8412,1.0,15.4
239,2011-05-01,1394,0.0,9.6
240,2011-05-02,204,1.0,8.5
241,2011-05-03,207,1.0,6.2
242,2011-05-04,185,1.0,8.6
243,2011-05-05,146,0.0,11.5
244,2011-05-06,512,0.0,15.4
245,2011-05-07,2551,0.0,17.3
246,2011-05-08,2274,0.0,17.2
247,2011-05-09,406,0.0,21.1
248,2011-05-10,429,0.0,23.7
249,2011-05-11,388,0.0,24.4
250,2011-05-12,572,0.0,20.4
251,2011-05-13,433,0.0,17.8
252,2011-05-14,3384,0.0,16.8
253,2011-05-15,2076,0.0,15.4
254,2011-05-16,449,1.0,15.1
255,2011-05-17,442,1.0,15.8
256,2011-05-18,721,0.0,16.4
257,2011-05-19,531,0.0,18.5
258,2011-05-20,1210,0.0,19.4
259,2011-05-21,4465,0.0,18.7
260,2011-05-22,2737,0.0,21.7
261,2011-05-23,948,0.0,17.8
262,2011-05-24,767,1.0,16.3
263,2011-05-25,618,0.0,15.6
264,2011-05-26,946,0.0,19.0
265,2011-05-27,1074,1.0,16.4
266,2011-05-28,3939,0.0,15.2
267,2011-05-29,2547,0.0,16.4
268,2011-05-30,828,0.0,20.2
269,2011-05-31,1142,0.0,27.5
270,2011-06-01,1241,0.0,20.3
271,2011-06-02,4725,0.0,20.3
272,2011-06-03,7590,0.0,26.0
273,2011-06-04,6247,0.0,27.6
274,2011-06-05,5772,0.0,18.3
275,2011-06-06,3717,0.0,26.1
276,2011-06-07,1438,0.0,28.4
277,2011-06-08,1247,0.0,24.6
278,2011-06-09,1520,1.0,20.8
279,2011-06-10,1664,1.0,22.7
280,2011-06-11,4741,1.0,21.3
281,2011-06-12,3561,0.0,20.3
282,2011-06-13,2327,0.0,20.3
283,2011-06-14,2307,0.0,19.8
284,2011-06-15,1985,1.0,18.2
285,2011-06-16,2293,0.0,20.7
286,2011-06-17,2029,1.0,16.9
287,2011-06-18,5703,0.0,18.7
288,2011-06-19,2144,1.0,13.0
289,2011-06-20,2612,1.0,20.1
290,2011-06-21,4017,0.0,18.1
291,2011-06-22,3078,1.0,19.7
292,2011-06-23,1595,1.0,20.3
293,2011-06-24,2653,0.0,18.1
294,2011-06-25,4116,1.0,17.9
295,2011-06-26,4092,0.0,20.5
296,2011-06-27,3957,0.0,24.1
297,2011-06-28,5498,0.0,27.5
298,2011-06-29,4616,0.0,25.3
299,2011-06-30,4666,0.0,26.0
300,2011-07-01,4024,0.0,24.5
301,2011-07-02,7016,1.0,26.0
302,2011-07-03,4477,0.0,21.5
303,2011-07-04,5019,1.0,18.0
304,2011-07-05,7275,0.0,22.3
305,2011-07-06,7634,0.0,23.9
306,2011-07-07,6429,0.0,24.9
307,2011-07-08,5139,0.0,24.9
308,2011-07-09,6798,0.0,24.8
309,2011-07-10,5665,1.0,23.4
310,2011-07-11,7643,0.0,23.1
311,2011-07-12,10283,0.0,21.8
312,2011-07-13,9533,0.0,19.2
313,2011-07-14,8719,1.0,18.2
314,2011-07-15,5825,1.0,21.5
315,2011-07-16,8145,0.0,20.1
316,2011-07-17,6879,1.0,22.9
317,2011-07-18,5402,1.0,19.7
318,2011-07-19,10922,1.0,23.1
319,2011-07-20,13034,0.0,22.0
320,2011-07-21,6558,1.0,22.0
321,2011-07-22,7339,0.0,24.8
322,2011-07-23,6535,1.0,22.8
323,2011-07-24,6960,0.0,20.0
324,2011-07-25,7727,0.0,22.5
325,2011-07-26,11830,0.0,22.7
326,2011-07-27,11023,0.0,26.2
327,2011-07-28,8775,1.0,25.1
328,2011-07-29,6354,0.0,24.2
329,2011-07-30,6978,1.0,22.8
330,2011-07-31,5832,1.0,23.6
331,2011-08-01,6060,0.0,25.7
332,2011-08-02,8379,0.0,25.0
333,2011-08-03,7737,0.0,23.9
334,2011-08-04,7113,0.0,23.3
335,2011-08-05,6093,0.0,24.8
336,2011-08-06,6436,1.0,23.8
337,2011-08-07,2639,1.0,21.2
338,2011-08-08,4658,1.0,20.6
339,2011-08-09,5805,1.0,19.5
340,2011-08-10,3850,0.0,17.4
341,2011-08-11,5410,0.0,18.4
342,2011-08-12,4842,0.0,19.8
343,2011-08-13,5417,0.0,20.8
344,2011-08-14,3216,0.0,19.6
345,2011-08-15,1893,1.0,21.6
346,2011-08-16,3485,1.0,21.8
347,2011-08-17,3400,1.0,19.9
348,2011-08-18,2920,1.0,21.0
349,2011-08-19,1877,1.0,18.2
350,2011-08-20,3808,1.0,19.0
351,2011-08-21,3741,0.0,20.9
352,2011-08-22,693,0.0,21.2
353,2011-08-23,1015,0.0,21.3
354,2011-08-24,815,1.0,19.4
355,2011-08-25,1421,0.0,20.5
356,2011-08-26,1663,0.0,24.6
357,2011-08-27,6820,0.0,23.7
358,2011-08-28,2845,1.0,19.1
359,2011-08-29,1,1.0,18.2
360,2011-09-02,1,1.0,19.1
361,2011-09-03,3237,0.0,19.4
362,2011-09-04,3665,0.0,22.4
363,2011-09-10,3314,0.0,18.6
364,2011-09-11,2716,1.0,18.6
365,2011-09-17,4533,0.0,17.6
366,2011-09-18,1611,1.0,15.0
367,2011-09-24,3124,0.0,16.1
368,2011-09-25,2082,0.0,17.9
369,2011-09-30,4,0.0,21.1
370,2011-10-01,2304,0.0,19.8
371,2011-10-02,5966,0.0,18.9
372,2011-10-18,106,1.0,11.0
373,2011-10-20,4,1.0,8.9
374,2011-10-22,83,0.0,12.5
375,2011-10-23,97,0.0,11.1
376,2011-10-26,14,0.0,9.6
377,2011-10-29,563,0.0,10.3
378,2011-10-30,444,1.0,13.1
379,2011-10-31,655,0.0,11.8
380,2011-11-01,666,0.0,13.9
381,2011-11-02,867,0.0,11.8
382,2011-11-03,1274,0.0,8.9
383,2011-11-04,1465,0.0,9.3
384,2011-11-05,1199,0.0,8.0
385,2011-11-06,408,0.0,8.9
386,2011-11-10,3,0.0,7.9
387,2011-11-12,129,0.0,-0.6
388,2011-11-13,108,0.0,5.7
389,2011-11-19,120,0.0,10.3
390,2011-11-20,44,1.0,6.4
391,2011-11-26,78,0.0,7.1
392,2011-11-27,45,1.0,12.6
393,2011-12-10,3,1.0,4.7
394,2011-12-17,2,1.0,2.5
395,2011-12-18,15,1.0,0.7
396,2012-01-13,1,0.0,2.9
397,2012-01-14,94,0.0,0.8
398,2012-01-15,64,0.0,-0.9
399,2012-01-28,90,0.0,-1.8
400,2012-01-29,58,0.0,-0.4
401,2012-02-04,78,1.0,-10.1
402,2012-02-05,35,0.0,-6.7
403,2012-02-11,79,0.0,-2.0
404,2012-02-12,30,0.0,2.0
405,2012-02-18,124,1.0,2.3
406,2012-02-19,36,1.0,4.2
407,2012-02-21,11,0.0,7.1
408,2012-02-23,697,1.0,8.1
409,2012-02-24,848,0.0,7.6
410,2012-02-25,803,0.0,6.6
411,2012-02-26,523,0.0,2.9
412,2012-03-01,195,1.0,10.5
413,2012-03-02,246,0.0,6.7
414,2012-03-03,626,0.0,5.4
415,2012-03-04,200,0.0,2.1
416,2012-03-10,171,0.0,9.8
417,2012-03-11,69,0.0,9.1
418,2012-03-17,106,0.0,6.1
419,2012-03-18,59,0.0,9.8
420,2012-03-24,267,0.0,15.5
421,2012-03-25,147,0.0,11.0
422,2012-03-31,89,1.0,2.6
423,2012-04-01,19,1.0,5.9
424,2012-04-03,25,0.0,5.5
425,2012-04-06,348,1.0,2.8
426,2012-04-07,932,0.0,3.3
427,2012-04-08,1240,0.0,6.0
428,2012-04-09,805,1.0,6.9
429,2012-04-10,156,1.0,6.0
430,2012-04-11,353,1.0,10.4
431,2012-04-12,500,0.0,13.0
432,2012-04-13,553,1.0,5.2
433,2012-04-14,883,0.0,11.2
434,2012-04-15,732,0.0,11.4
435,2012-04-21,23,0.0,8.7
436,2012-04-22,48,1.0,8.8
437,2012-04-24,44,0.0,14.5
438,2012-04-25,2,1.0,14.4
439,2012-04-26,2,1.0,12.4
440,2012-04-27,-1046,0.0,17.5
441,2012-04-28,1827,0.0,14.1
442,2012-04-29,2301,0.0,13.9
443,2012-04-30,1519,0.0,16.5
444,2012-05-01,6284,0.0,15.6
445,2012-05-03,2,0.0,16.0
446,2012-05-04,348,1.0,10.6
447,2012-05-05,1959,0.0,12.3
448,2012-05-06,1720,0.0,12.2
449,2012-05-11,582,1.0,19.1
450,2012-05-12,1838,1.0,12.3
451,2012-05-13,2414,0.0,16.1
452,2012-05-17,3497,1.0,14.5
453,2012-05-18,6296,0.0,14.2
454,2012-05-19,5429,0.0,18.5
455,2012-05-20,2793,0.0,21.6
456,2012-05-21,730,0.0,23.1
457,2012-05-22,768,0.0,23.0
458,2012-05-23,579,0.0,23.4
459,2012-05-24,971,0.0,24.0
460,2012-05-25,990,0.0,25.5
461,2012-05-26,4155,0.0,20.7
462,2012-05-27,3269,0.0,23.4
463,2012-05-28,967,1.0,21.0
464,2012-05-29,1198,0.0,14.9
465,2012-05-30,818,0.0,15.8
466,2012-05-31,678,1.0,15.1
467,2012-06-01,666,1.0,8.1
468,2012-06-02,3049,0.0,11.7
469,2012-06-03,1811,0.0,12.7
470,2012-06-04,1355,1.0,14.7
471,2012-06-05,1591,1.0,15.9
472,2012-06-06,2897,0.0,17.3
473,2012-06-07,1277,0.0,17.5
474,2012-06-08,1784,0.0,18.3
475,2012-06-09,3645,1.0,17.7
476,2012-06-10,2336,1.0,18.2
477,2012-06-11,1058,1.0,18.7
478,2012-06-12,1472,0.0,17.9
479,2012-06-13,1681,0.0,20.8
480,2012-06-14,1446,0.0,18.0
481,2012-06-15,2301,0.0,17.5
482,2012-06-16,3344,1.0,18.9
483,2012-06-17,2939,1.0,19.4
484,2012-06-18,2088,1.0,20.0
485,2012-06-19,2633,0.0,19.7
486,2012-06-20,2346,0.0,20.7
487,2012-06-21,1523,0.0,21.7
488,2012-06-22,2185,0.0,19.0
489,2012-06-23,2940,1.0,20.4
490,2012-06-24,2439,1.0,18.9
491,2012-06-25,1557,1.0,14.5
492,2012-06-26,3388,0.0,18.6
493,2012-06-27,4282,0.0,20.2
494,2012-06-28,4038,0.0,21.0
495,2012-06-29,3208,0.0,21.5
496,2012-06-30,4432,0.0,23.6
497,2012-07-01,3637,1.0,23.5
498,2012-07-02,4249,0.0,20.6
499,2012-07-03,5853,0.0,23.3
500,2012-07-04,5204,0.0,21.7
501,2012-07-05,4758,0.0,22.6
502,2012-07-06,4060,0.0,21.1
503,2012-07-07,4866,0.0,24.3
504,2012-07-08,3396,1.0,19.6
505,2012-07-09,5578,1.0,25.1
506,2012-07-10,5623,1.0,19.2
507,2012-07-11,8521,0.0,20.9
508,2012-07-12,6122,1.0,19.9
509,2012-07-13,5240,1.0,19.1
510,2012-07-14,5907,1.0,17.3
511,2012-07-15,4919,1.0,19.9
512,2012-07-16,8211,0.0,20.2
513,2012-07-17,8793,1.0,20.4
514,2012-07-18,6130,1.0,18.8
515,2012-07-19,7456,0.0,17.8
516,2012-07-20,6921,0.0,22.7
517,2012-07-21,6053,0.0,19.6
518,2012-07-22,5584,0.0,21.6
519,2012-07-23,5719,0.0,22.2
520,2012-07-24,8047,0.0,26.2
521,2012-07-25,8034,0.0,26.9
522,2012-07-26,7138,0.0,24.0
523,2012-07-27,6408,0.0,22.5
524,2012-07-28,6678,0.0,23.0
525,2012-07-29,4673,0.0,19.3
526,2012-07-30,5637,0.0,21.3
527,2012-07-31,6778,1.0,19.7
528,2012-08-01,7652,0.0,20.4
529,2012-08-02,6435,0.0,24.6
530,2012-08-03,4702,0.0,22.9
531,2012-08-04,6219,0.0,22.8
532,2012-08-05,3733,0.0,23.4
533,2012-08-06,2829,1.0,23.0
534,2012-08-07,4775,1.0,20.8
535,2012-08-08,3061,1.0,17.1
536,2012-08-09,2927,1.0,19.0
537,2012-08-10,4061,1.0,19.2
538,2012-08-11,5023,0.0,20.5
539,2012-08-12,2515,0.0,21.3
540,2012-08-13,2482,0.0,19.9
541,2012-08-14,2918,0.0,21.0
542,2012-08-15,2687,0.0,23.5
543,2012-08-16,2420,0.0,24.3
544,2012-08-17,2525,0.0,23.5
545,2012-08-18,3908,0.0,19.1
546,2012-08-19,3463,0.0,24.3
547,2012-08-20,1000,0.0,20.4
548,2012-08-21,752,0.0,22.6
549,2012-08-22,691,1.0,18.2
550,2012-08-23,733,0.0,19.6
551,2012-08-24,930,1.0,20.1
552,2012-08-25,3688,0.0,19.9
553,2012-08-26,1524,0.0,20.9
554,2012-08-30,1,1.0,21.8
555,2012-08-31,9,1.0,15.7
556,2012-09-01,2554,0.0,19.2
557,2012-09-02,3092,1.0,18.2
558,2012-09-08,2927,0.0,16.2
559,2012-09-09,1851,0.0,17.4
560,2012-09-15,2471,0.0,17.3
561,2012-09-16,5029,0.0,17.3
562,2012-09-22,1498,1.0,11.7
563,2012-09-23,2006,1.0,12.8
564,2012-09-29,1417,1.0,13.1
565,2012-09-30,4241,0.0,13.4
566,2012-10-04,2,1.0,12.3
567,2012-10-06,153,0.0,13.1
568,2012-10-07,125,0.0,12.6
569,2012-10-12,2,0.0,9.7
570,2012-10-13,177,0.0,8.4
571,2012-10-14,70,1.0,9.9
572,2012-10-20,120,1.0,10.2
573,2012-10-21,126,0.0,10.7
574,2012-10-27,219,0.0,5.3
575,2012-10-28,137,0.0,4.0
576,2012-11-01,3104,0.0,7.7
577,2012-11-02,3485,0.0,9.1
578,2012-11-03,3929,0.0,7.5
579,2012-11-04,1851,0.0,4.7
580,2012-11-09,6,0.0,4.5
581,2012-11-10,169,0.0,8.1
582,2012-11-11,96,1.0,9.6
583,2012-11-15,1,0.0,10.0
584,2012-11-16,7,0.0,9.1
585,2012-11-17,164,0.0,6.2
586,2012-11-18,110,1.0,5.2
587,2012-11-24,179,1.0,5.7
588,2012-11-25,100,0.0,2.9
589,2012-12-01,67,1.0,-3.6
590,2012-12-08,41,0.0,-5.0
591,2012-12-09,42,1.0,-5.4
592,2012-12-10,2,1.0,-3.0
593,2012-12-11,11,0.0,-3.3
594,2013-01-06,5,0.0,0.8
595,2013-01-07,7,0.0,1.1
596,2013-01-08,1,1.0,2.0
597,2013-01-12,45,0.0,-4.2
598,2013-01-13,13,0.0,-4.8
599,2013-01-19,60,0.0,-12.4
600,2013-01-20,53,0.0,-2.8
601,2013-01-26,45,0.0,-3.2
602,2013-01-27,22,0.0,-1.2
603,2013-02-02,47,0.0,-1.3
604,2013-02-03,46,0.0,1.3
605,2013-02-09,43,1.0,-3.7
606,2013-02-10,33,0.0,-4.2
607,2013-02-15,4,0.0,1.5
608,2013-02-16,87,0.0,1.0
609,2013-02-17,48,1.0,0.6
610,2013-02-20,1,1.0,-1.2
611,2013-02-21,452,0.0,-3.2
612,2013-02-22,1031,0.0,-3.0
613,2013-02-23,1200,0.0,-0.8
614,2013-02-24,1028,0.0,0.9
615,2013-02-28,40,0.0,7.2
616,2013-03-01,91,0.0,6.6
617,2013-03-02,228,1.0,5.3
618,2013-03-03,65,0.0,5.2
619,2013-03-06,1,0.0,6.7
620,2013-03-09,83,0.0,-1.3
621,2013-03-10,33,0.0,-3.2
622,2013-03-16,103,0.0,2.9
623,2013-03-17,71,0.0,2.1
624,2013-03-23,118,0.0,1.7
625,2013-03-24,27,0.0,1.2
626,2013-03-26,8,0.0,5.0
627,2013-03-27,14,0.0,4.7
628,2013-03-29,1590,0.0,2.0
629,2013-03-30,312,0.0,3.7
630,2013-03-31,1627,0.0,5.2
631,2013-04-01,1667,0.0,6.8
632,2013-04-02,737,0.0,7.4
633,2013-04-03,963,0.0,7.9
634,2013-04-04,971,0.0,6.9
635,2013-04-05,1216,0.0,7.4
636,2013-04-06,1247,0.0,8.1
637,2013-04-07,696,0.0,6.1
638,2013-04-13,244,0.0,3.5
639,2013-04-14,160,0.0,12.6
640,2013-04-20,258,0.0,11.8
641,2013-04-21,91,0.0,14.7
642,2013-04-22,3,1.0,10.6
643,2013-04-26,-2198,0.0,10.5
644,2013-04-27,1206,1.0,11.2
645,2013-04-28,1474,0.0,13.7
646,2013-04-29,330,0.0,14.0
647,2013-04-30,297,1.0,12.8
648,2013-05-01,9042,0.0,14.4
649,2013-05-02,447,0.0,12.6
650,2013-05-03,702,0.0,15.6
651,2013-05-04,2015,0.0,18.7
652,2013-05-05,1536,0.0,16.7
653,2013-05-09,2874,1.0,22.3
654,2013-05-10,5301,1.0,19.3
655,2013-05-11,4539,0.0,17.8
656,2013-05-12,1686,0.0,18.8
657,2013-05-17,849,0.0,22.4
658,2013-05-18,2605,0.0,22.6
659,2013-05-19,1983,1.0,20.7
660,2013-05-20,3,0.0,19.2
661,2013-05-22,4,0.0,18.9
662,2013-05-24,889,0.0,16.1
663,2013-05-25,4474,0.0,20.1
664,2013-05-26,2466,1.0,19.7
665,2013-05-27,1219,1.0,17.3
666,2013-05-28,1515,0.0,20.8
667,2013-05-29,1075,1.0,14.5
668,2013-05-30,1509,0.0,20.6
669,2013-05-31,1393,0.0,22.4
670,2013-06-01,3859,1.0,20.6
671,2013-06-02,2389,0.0,22.4
672,2013-06-03,1503,0.0,24.0
673,2013-06-04,1858,0.0,16.7
674,2013-06-05,1711,0.0,19.9
675,2013-06-06,4318,0.0,23.5
676,2013-06-07,6015,0.0,22.9
677,2013-06-08,5725,0.0,21.4
678,2013-06-09,2526,1.0,19.0
679,2013-06-10,1611,1.0,20.0
680,2013-06-11,1821,0.0,21.4
681,2013-06-12,1242,0.0,21.8
682,2013-06-13,1334,1.0,20.1
683,2013-06-14,1938,1.0,18.7
684,2013-06-15,5746,0.0,20.1
685,2013-06-16,3648,1.0,18.8
686,2013-06-17,2192,0.0,22.1
687,2013-06-18,2666,0.0,23.3
688,2013-06-19,2386,1.0,23.0
689,2013-06-20,1871,0.0,26.5
690,2013-06-21,2501,0.0,22.7
691,2013-06-22,3978,0.0,20.0
692,2013-06-23,2712,1.0,22.7
693,2013-06-24,3212,1.0,23.2
694,2013-06-25,4568,0.0,22.0
695,2013-06-26,2856,1.0,20.5
696,2013-06-27,4647,0.0,19.0
697,2013-06-28,3180,0.0,20.6
698,2013-06-29,4953,1.0,19.6
699,2013-06-30,3841,0.0,19.3
700,2013-07-01,4383,0.0,21.5
701,2013-07-02,5400,0.0,17.9
702,2013-07-03,6077,0.0,21.2
703,2013-07-04,4287,0.0,22.1
704,2013-07-05,4466,0.0,21.9
705,2013-07-06,5862,0.0,23.2
706,2013-07-07,4476,0.0,25.8
707,2013-07-08,5677,0.0,21.7
708,2013-07-09,7056,0.0,25.8
709,2013-07-10,4013,1.0,16.1
710,2013-07-11,7658,0.0,20.8
711,2013-07-12,5393,0.0,22.4
712,2013-07-13,5976,0.0,26.0
713,2013-07-14,4781,1.0,21.9
714,2013-07-15,6273,0.0,20.5
715,2013-07-16,8447,0.0,23.3
716,2013-07-17,7363,0.0,26.1
717,2013-07-18,7115,0.0,25.7
718,2013-07-19,7000,0.0,20.7
719,2013-07-20,6589,0.0,23.6
720,2013-07-21,4316,0.0,24.3
721,2013-07-22,6092,0.0,22.1
722,2013-07-23,7969,0.0,23.2
723,2013-07-24,8302,0.0,25.5
724,2013-07-25,6938,0.0,27.0
725,2013-07-26,5059,1.0,25.5
726,2013-07-27,6509,0.0,26.0
727,2013-07-28,4531,1.0,25.0
728,2013-07-29,5664,0.0,25.2
729,2013-07-30,5893,1.0,18.5
730,2013-07-31,6574,1.0,20.0
731,2013-08-01,8094,0.0,23.5
732,2013-08-02,5368,0.0,26.4
733,2013-08-03,4780,0.0,28.5
734,2013-08-04,3539,0.0,23.9
735,2013-08-05,4304,0.0,26.1
736,2013-08-06,6065,0.0,26.1
737,2013-08-07,6303,0.0,24.5
738,2013-08-08,3480,0.0,21.4
739,2013-08-09,5468,0.0,22.6
740,2013-08-10,5797,1.0,23.4
741,2013-08-11,2550,1.0,18.4
742,2013-08-12,3062,1.0,18.8
743,2013-08-13,3562,1.0,19.2
744,2013-08-14,2237,0.0,20.5
745,2013-08-15,4028,0.0,22.3
746,2013-08-16,3035,0.0,21.1
747,2013-08-17,3613,0.0,20.0
748,2013-08-18,3118,0.0,21.6
749,2013-08-19,1505,0.0,20.5
750,2013-08-20,1422,0.0,21.2
751,2013-08-21,1028,0.0,20.5
752,2013-08-22,822,0.0,21.9
753,2013-08-23,1044,0.0,20.4
754,2013-08-24,6132,0.0,19.9
755,2013-08-25,3190,0.0,21.3
756,2013-08-26,755,0.0,22.9
757,2013-08-27,875,0.0,24.2
758,2013-08-28,574,0.0,22.4
759,2013-08-29,603,0.0,18.8
760,2013-08-30,808,1.0,17.9
761,2013-08-31,3995,0.0,20.2
762,2013-09-01,2812,1.0,18.0
763,2013-09-06,1,0.0,21.6
764,2013-09-07,4202,0.0,23.2
765,2013-09-08,3138,0.0,23.3
766,2013-09-14,3351,0.0,21.4
767,2013-09-15,1692,0.0,19.4
768,2013-09-21,2587,0.0,18.2
769,2013-09-22,2879,1.0,14.0
770,2013-09-28,3130,0.0,11.7
771,2013-09-29,5577,0.0,13.3
772,2013-10-04,2,0.0,13.9
773,2013-10-05,130,0.0,13.4
774,2013-10-06,81,0.0,15.2
775,2013-10-07,1,0.0,15.6
776,2013-10-12,239,0.0,13.8
777,2013-10-13,117,0.0,14.6
778,2013-10-19,163,0.0,8.2
779,2013-10-20,90,1.0,4.4
780,2013-10-26,192,0.0,15.1
781,2013-10-27,194,0.0,15.6
782,2013-10-31,3981,0.0,10.8
783,2013-11-01,5087,1.0,11.6
784,2013-11-02,6613,0.0,9.5
785,2013-11-03,369,1.0,7.7
786,2013-11-08,4,0.0,9.6
787,2013-11-09,136,1.0,6.9
788,2013-11-10,107,0.0,7.1
789,2013-11-16,335,0.0,11.0
790,2013-11-17,176,0.0,9.7
791,2013-11-23,212,0.0,1.7
792,2013-11-24,167,0.0,1.3
793,2014-01-18,235,1.0,-2.7
794,2014-01-19,268,0.0,-2.3
795,2014-02-08,102,0.0,4.9
796,2014-02-09,58,1.0,3.8
797,2014-02-15,201,1.0,2.9
798,2014-02-20,97,1.0,0.6
799,2014-02-21,139,1.0,4.8
800,2014-02-22,419,0.0,5.8
801,2014-02-23,215,0.0,8.1
802,2014-02-27,233,1.0,3.4
803,2014-02-28,399,0.0,5.0
804,2014-03-01,525,0.0,2.3
805,2014-03-02,245,1.0,2.5
806,2014-03-15,415,1.0,5.9
807,2014-03-16,214,0.0,5.4
808,2014-03-21,3,0.0,11.7
809,2014-03-22,662,0.0,11.3
810,2014-03-23,389,0.0,11.0
811,2014-03-30,410,0.0,11.8
812,2014-04-03,9,0.0,8.0
813,2014-04-04,1,0.0,8.6
814,2014-04-05,320,0.0,12.4
815,2014-04-06,306,1.0,10.0
816,2014-04-12,700,0.0,12.6
817,2014-04-13,9,0.0,12.9
818,2014-04-16,11,0.0,13.4
819,2014-04-17,3,0.0,14.5
820,2014-04-18,2459,1.0,11.2
821,2014-04-19,3296,0.0,17.0
822,2014-04-20,3498,0.0,16.8
823,2014-04-21,2382,0.0,17.8
824,2014-04-23,16,0.0,12.5
825,2014-04-24,8,0.0,10.7
826,2014-04-25,653,0.0,15.1
827,2014-04-26,2063,0.0,17.1
828,2014-04-27,1685,0.0,19.4
829,2014-04-30,7,1.0,13.8
830,2014-05-01,4909,0.0,8.6
831,2014-05-02,3322,0.0,11.8
832,2014-05-03,3007,0.0,13.9
833,2014-05-04,1495,0.0,10.9
834,2014-05-09,540,1.0,14.1
835,2014-05-10,1854,0.0,12.9
836,2014-05-11,821,1.0,7.9
837,2014-05-16,1346,0.0,19.7
838,2014-05-17,3802,0.0,22.7
839,2014-05-18,2046,0.0,20.6
840,2014-05-20,2,0.0,20.3
841,2014-05-23,1361,0.0,26.1
842,2014-05-24,4013,1.0,27.0
843,2014-05-25,2121,0.0,23.2
844,2014-05-26,27,0.0,23.3
845,2014-05-28,3,0.0,14.2
846,2014-05-29,5756,0.0,18.7
847,2014-05-30,3548,1.0,14.7
848,2014-05-31,5084,1.0,19.3
849,2014-06-01,2983,0.0,22.6
850,2014-06-02,1505,0.0,20.8
851,2014-06-03,1745,1.0,14.8
852,2014-06-04,1571,0.0,15.8
853,2014-06-05,1639,1.0,17.8
854,2014-06-06,5224,0.0,20.8
855,2014-06-07,4487,1.0,18.2
856,2014-06-08,3653,0.0,24.3
857,2014-06-09,1670,0.0,24.6
858,2014-06-10,2393,0.0,26.5
859,2014-06-11,1239,1.0,26.7
860,2014-06-12,1090,0.0,22.7
861,2014-06-13,1552,1.0,19.1
862,2014-06-14,5214,0.0,17.3
863,2014-06-15,4566,0.0,23.4
864,2014-06-16,2493,1.0,18.7
865,2014-06-17,2955,0.0,17.8
866,2014-06-18,2585,0.0,22.5
867,2014-06-19,1212,1.0,15.2
868,2014-06-20,2660,0.0,15.1
869,2014-06-21,4014,0.0,15.9
870,2014-06-22,2952,1.0,15.3
871,2014-06-23,3109,1.0,17.3
872,2014-06-24,3608,0.0,19.8
873,2014-06-25,4629,0.0,19.9
874,2014-06-26,3960,0.0,18.6
875,2014-06-27,3488,1.0,19.2
876,2014-06-28,4194,1.0,14.5
877,2014-06-29,3251,1.0,18.9
878,2014-06-30,3315,1.0,17.3
879,2014-07-01,4290,1.0,18.6
880,2014-07-02,5929,1.0,21.1
881,2014-07-03,5659,1.0,17.8
882,2014-07-04,5479,0.0,23.2
883,2014-07-05,7213,0.0,26.1
884,2014-07-06,5101,0.0,24.0
885,2014-07-07,6070,0.0,27.5
886,2014-07-08,7218,0.0,27.6
887,2014-07-09,6824,0.0,27.8
888,2014-07-10,5844,0.0,28.5
889,2014-07-11,5998,0.0,20.8
890,2014-07-12,7592,0.0,22.1
891,2014-07-13,3982,0.0,20.3
892,2014-07-14,6054,1.0,20.6
893,2014-07-15,9286,0.0,24.9
894,2014-07-16,9272,0.0,24.2
895,2014-07-17,8165,0.0,23.8
896,2014-07-18,6956,0.0,25.8
897,2014-07-19,7222,0.0,26.3
898,2014-07-20,6081,0.0,26.6
899,2014-07-21,6457,0.0,27.8
900,2014-07-22,7634,0.0,27.8
901,2014-07-23,6469,0.0,29.4
902,2014-07-24,5441,0.0,31.6
903,2014-07-25,4914,0.0,31.2
904,2014-07-26,6311,0.0,29.7
905,2014-07-27,4975,0.0,29.1
906,2014-07-28,5521,0.0,29.8
907,2014-07-29,7598,0.0,30.3
908,2014-07-30,5624,1.0,25.6
909,2014-07-31,8956,0.0,25.9
910,2014-08-01,7185,0.0,26.1
911,2014-08-02,7203,0.0,26.9
912,2014-08-03,4211,0.0,31.2
913,2014-08-04,3727,0.0,32.5
914,2014-08-05,5551,1.0,22.2
915,2014-08-06,4422,1.0,20.9
916,2014-08-07,7177,0.0,25.7
917,2014-08-08,5286,0.0,26.8
918,2014-08-09,6571,0.0,26.6
919,2014-08-10,4405,0.0,23.7
920,2014-08-11,2117,1.0,24.4
921,2014-08-12,3285,1.0,22.9
922,2014-08-13,4170,1.0,22.5
923,2014-08-14,3825,1.0,21.5
924,2014-08-15,4022,1.0,22.0
925,2014-08-16,4523,1.0,19.4
926,2014-08-17,3230,1.0,17.6
927,2014-08-18,1,0.0,19.2
928,2014-08-22,1957,1.0,18.4
929,2014-08-23,3722,1.0,14.5
930,2014-08-24,3084,0.0,18.9
931,2014-08-27,7,0.0,20.7
932,2014-08-29,1516,0.0,20.8
933,2014-08-30,6701,0.0,17.6
934,2014-08-31,2251,0.0,17.3
935,2014-09-05,1141,0.0,21.6
936,2014-09-06,4726,0.0,22.8
937,2014-09-07,3639,0.0,21.3
938,2014-09-12,606,0.0,21.2
939,2014-09-13,2882,0.0,17.6
940,2014-09-14,1676,0.0,18.8
941,2014-09-19,718,0.0,20.3
942,2014-09-20,3602,0.0,18.4
943,2014-09-21,3644,1.0,13.4
944,2014-09-23,1,0.0,10.2
945,2014-09-26,552,1.0,17.3
946,2014-09-27,4460,0.0,17.4
947,2014-09-28,6360,0.0,16.3
948,2014-10-02,10,1.0,14.7
949,2014-10-04,390,0.0,16.6
950,2014-10-05,209,0.0,15.6
951,2014-10-11,400,0.0,16.0
952,2014-10-12,136,1.0,12.2
953,2014-10-18,389,1.0,9.4
954,2014-10-19,127,1.0,16.1
955,2014-10-25,406,1.0,10.9
956,2014-10-26,301,0.0,13.2
957,2014-10-30,5606,0.0,9.5
958,2014-10-31,6711,0.0,9.5
959,2014-11-01,5578,1.0,9.6
960,2014-11-02,5194,0.0,15.2
961,2014-11-08,259,0.0,7.6
962,2014-11-09,17,0.0,9.1
963,2014-11-14,4,0.0,8.3
964,2014-11-15,161,1.0,6.8
965,2014-11-22,201,0.0,4.5
966,2014-11-23,102,0.0,6.9
967,2014-11-28,2,0.0,3.2
968,2014-11-29,135,1.0,2.2
969,2014-11-30,67,0.0,2.0
970,2014-12-06,96,1.0,4.6
971,2014-12-07,24,0.0,4.9
972,2014-12-13,28,0.0,3.8
973,2014-12-14,2,0.0,3.9
974,2014-12-15,1,0.0,5.4
975,2015-01-31,205,1.0,0.7
976,2015-02-01,68,1.0,0.6
977,2015-02-07,315,0.0,4.1
978,2015-02-08,44,0.0,0.7
979,2015-02-14,209,0.0,2.4
980,2015-02-15,86,1.0,1.9
981,2015-02-19,52,0.0,7.0
982,2015-02-20,137,1.0,5.0
983,2015-02-21,339,1.0,4.0
984,2015-02-22,48,0.0,3.8
985,2015-02-26,140,0.0,4.9
986,2015-02-27,235,0.0,4.1
987,2015-02-28,413,0.0,6.1
988,2015-03-01,64,1.0,4.3
989,2015-03-07,267,0.0,8.0
990,2015-03-08,115,0.0,16.6
991,2015-03-14,295,0.0,8.1
992,2015-03-15,108,0.0,9.2
993,2015-03-20,5,1.0,5.8
994,2015-03-21,321,1.0,1.5
995,2015-03-22,85,0.0,3.5
996,2015-03-29,74,1.0,6.6
997,2015-04-02,19,1.0,8.3
998,2015-04-03,3445,0.0,9.2
999,2015-04-04,2376,0.0,7.4
1000,2015-04-05,2418,0.0,6.8
1001,2015-04-06,147,0.0,9.2
1002,2015-04-10,4,0.0,13.5
1003,2015-04-11,684,0.0,16.3
1004,2015-04-12,234,0.0,12.5
1005,2015-04-17,3,1.0,8.3
1006,2015-04-18,92,0.0,13.4
1007,2015-04-19,251,0.0,15.9
1008,2015-04-25,832,0.0,16.3
1009,2015-04-26,2420,0.0,13.7
1010,2015-04-29,4,0.0,12.2
1011,2015-04-30,1,0.0,14.7
1012,2015-05-01,3305,1.0,7.4
1013,2015-05-02,3986,1.0,9.9
1014,2015-05-03,4180,0.0,13.5
1015,2015-05-04,1,1.0,9.1
1016,2015-05-08,1584,0.0,13.0
1017,2015-05-09,4953,0.0,16.1
1018,2015-05-10,2260,1.0,14.2
1019,2015-05-14,7947,0.0,14.6
1020,2015-05-15,8440,0.0,12.8
1021,2015-05-16,8369,0.0,13.9
1022,2015-05-17,1632,1.0,11.3
1023,2015-05-22,2404,0.0,15.1
1024,2015-05-23,5811,0.0,17.1
1025,2015-05-24,3660,0.0,18.0
1026,2015-05-29,2655,0.0,15.5
1027,2015-05-30,4005,1.0,11.6
1028,2015-05-31,4443,0.0,15.7
1029,2015-06-01,2356,1.0,15.1
1030,2015-06-02,1895,1.0,14.3
1031,2015-06-03,2011,0.0,15.5
1032,2015-06-04,2202,0.0,17.6
1033,2015-06-05,3163,0.0,20.0
1034,2015-06-06,7138,1.0,23.1
1035,2015-06-07,4921,0.0,17.3
1036,2015-06-08,2684,1.0,16.4
1037,2015-06-09,2233,0.0,19.5
1038,2015-06-10,1963,0.0,20.6
1039,2015-06-11,2675,0.0,21.8
1040,2015-06-12,4356,0.0,26.0
1041,2015-06-13,8179,0.0,23.9
1042,2015-06-14,6110,0.0,19.6
1043,2015-06-15,3908,0.0,17.8
1044,2015-06-16,4081,0.0,19.2
1045,2015-06-17,3550,1.0,18.4
1046,2015-06-18,2178,1.0,15.1
1047,2015-06-19,3059,1.0,13.6
1048,2015-06-20,5432,1.0,17.4
1049,2015-06-21,5318,1.0,18.0
1050,2015-06-22,4500,1.0,17.3
1051,2015-06-23,3754,1.0,18.4
1052,2015-06-24,4517,1.0,18.6
1053,2015-06-25,6161,0.0,19.5
1054,2015-06-26,4504,1.0,18.7
1055,2015-06-27,7752,0.0,21.3
1056,2015-06-28,6263,0.0,24.6
1057,2015-06-29,6470,0.0,20.0
1058,2015-06-30,7670,0.0,22.1
1059,2015-07-01,7440,0.0,26.4
1060,2015-07-02,6178,0.0,29.4
1061,2015-07-03,4953,0.0,29.5
1062,2015-07-04,7406,0.0,29.5
1063,2015-07-05,6425,0.0,26.4
1064,2015-07-06,6377,1.0,22.4
1065,2015-07-07,13116,0.0,22.0
1066,2015-07-08,6622,1.0,20.0
1067,2015-07-09,6851,1.0,16.7
1068,2015-07-10,7522,0.0,15.7
1069,2015-07-11,11711,0.0,22.6
1070,2015-07-12,7777,0.0,21.3
1071,2015-07-13,8940,1.0,18.5
1072,2015-07-14,10931,1.0,19.8
1073,2015-07-15,11099,1.0,21.6
1074,2015-07-16,11468,0.0,22.6
1075,2015-07-17,9786,0.0,20.6
1076,2015-07-18,8807,1.0,22.4
1077,2015-07-19,8126,0.0,19.3
1078,2015-07-20,8449,1.0,20.2
1079,2015-07-21,11575,1.0,18.0
1080,2015-07-22,13759,0.0,21.0
1081,2015-07-23,11108,1.0,20.0
1082,2015-07-24,11492,0.0,20.6
1083,2015-07-25,8489,1.0,18.0
1084,2015-07-26,5813,1.0,19.9
1085,2015-07-27,12869,1.0,18.2
1086,2015-07-28,7958,1.0,19.4
1087,2015-07-29,7037,1.0,18.4
1088,2015-07-30,8923,1.0,19.8
1089,2015-07-31,9340,0.0,18.7
1090,2015-08-01,10041,0.0,21.4
1091,2015-08-02,6919,1.0,21.3
1092,2015-08-03,8854,0.0,22.4
1093,2015-08-04,9924,0.0,22.8
1094,2015-08-05,6991,1.0,24.0
1095,2015-08-06,9016,0.0,24.2
1096,2015-08-07,6507,0.0,25.7
1097,2015-08-08,7731,0.0,23.6
1098,2015-08-09,5626,0.0,23.2
1099,2015-08-10,5688,0.0,24.9
1100,2015-08-11,5942,1.0,20.6
1101,2015-08-12,5929,0.0,23.4
1102,2015-08-13,5205,0.0,22.8
1103,2015-08-14,5210,0.0,23.0
1104,2015-08-15,7530,0.0,22.3
1105,2015-08-16,4430,0.0,21.8
1106,2015-08-21,3539,0.0,23.2
1107,2015-08-22,7582,0.0,24.5
1108,2015-08-23,4617,0.0,22.3
1109,2015-08-28,2541,0.0,20.8
1110,2015-08-29,8244,0.0,21.3
1111,2015-08-30,4474,1.0,21.6
1112,2015-09-04,2229,0.0,16.2
1113,2015-09-05,4473,1.0,15.4
1114,2015-09-06,2470,1.0,12.3
1115,2015-09-07,25,0.0,16.9
1116,2015-09-08,2,0.0,16.8
1117,2015-09-11,1954,0.0,18.8
1118,2015-09-12,6465,0.0,18.0
1119,2015-09-13,3742,0.0,17.6
1120,2015-09-18,1303,1.0,16.5
1121,2015-09-19,7587,0.0,18.3
1122,2015-09-20,3771,0.0,18.4
1123,2015-09-25,1401,0.0,17.3
1124,2015-09-26,7600,0.0,15.6
1125,2015-09-27,7773,1.0,15.4
1126,2015-10-03,684,0.0,15.7
1127,2015-10-04,436,0.0,14.5
1128,2015-10-17,558,0.0,9.9
1129,2015-10-18,296,0.0,11.5
1130,2015-10-24,744,0.0,13.2
1131,2015-10-25,355,0.0,12.4
1132,2015-10-28,5175,0.0,9.7
1133,2015-10-29,7117,0.0,9.1
1134,2015-10-30,8316,0.0,8.9
1135,2015-10-31,9441,0.0,11.5
1136,2015-11-01,5575,0.0,10.9
1137,2015-11-07,353,1.0,13.4
1138,2015-11-08,86,1.0,9.7
1139,2015-11-14,300,0.0,7.7
1140,2015-11-15,91,0.0,7.8
1141,2015-11-21,109,0.0,-1.9
1142,2015-11-22,31,0.0,-1.7
1143,2015-11-28,157,1.0,6.0
1144,2015-11-29,42,1.0,5.3
1145,2015-12-05,201,0.0,11.5
1146,2015-12-06,40,0.0,12.5
1147,2015-12-12,191,0.0,3.9
1148,2015-12-13,23,0.0,-1.8
1149,2016-01-16,75,0.0,-8.6
1150,2016-01-17,43,0.0,-7.9
1151,2016-01-23,109,0.0,-1.6
1152,2016-01-24,33,0.0,2.6
1153,2016-01-30,147,0.0,7.9
1154,2016-01-31,36,0.0,4.4
1155,2016-02-06,179,1.0,7.3
1156,2016-02-07,56,0.0,9.4
1157,2016-02-13,199,1.0,1.5
1158,2016-02-14,37,0.0,-1.5
1159,2016-02-20,266,1.0,1.5
1160,2016-02-21,50,0.0,5.0
1161,2016-02-27,473,0.0,4.6
1162,2016-02-28,78,0.0,3.7
1163,2016-02-29,4,0.0,4.5
1164,2016-03-05,534,0.0,2.1
1165,2016-03-06,125,0.0,1.3
1166,2016-03-12,303,0.0,5.1
1167,2016-03-13,105,0.0,4.1
1168,2016-03-19,333,0.0,9.5
1169,2016-03-20,112,0.0,9.7
1170,2016-03-24,5,0.0,8.4
1171,2016-03-25,1407,1.0,6.5
1172,2016-03-26,2053,0.0,13.1
1173,2016-03-27,2875,0.0,14.0
1174,2016-03-28,2352,0.0,12.9
1175,2016-04-02,603,0.0,12.5
1176,2016-04-03,244,0.0,11.7
1177,2016-04-06,20,1.0,8.7
1178,2016-04-09,6,0.0,11.3
1179,2016-04-10,211,0.0,11.6
1180,2016-04-11,6,0.0,13.4
1181,2016-04-12,3,0.0,13.5
1182,2016-04-14,6,0.0,9.8
1183,2016-04-16,34,0.0,10.4
1184,2016-04-17,1568,1.0,9.6
1185,2016-04-18,1,1.0,11.8
1186,2016-04-21,9,1.0,15.3
1187,2016-04-22,3,1.0,12.5
1188,2016-04-23,7512,1.0,9.1
1189,2016-04-24,500,0.0,7.3
1190,2016-04-25,3,0.0,7.9
1191,2016-04-26,2,0.0,9.1
1192,2016-04-27,1,1.0,5.9
1193,2016-04-29,632,1.0,12.5
1194,2016-04-30,2031,0.0,13.1
1195,2016-05-01,4027,0.0,16.0
1196,2016-05-04,22,0.0,19.0
1197,2016-05-05,5417,0.0,18.6
1198,2016-05-06,7456,0.0,21.0
1199,2016-05-07,5717,0.0,21.9
1200,2016-05-08,2761,0.0,24.9
1201,2016-05-09,1,0.0,25.6
1202,2016-05-13,2146,1.0,17.8
1203,2016-05-14,4240,1.0,7.7
1204,2016-05-15,1884,1.0,11.3
1205,2016-05-17,2,0.0,16.4
1206,2016-05-20,1987,1.0,20.0
1207,2016-05-21,5158,0.0,17.7
1208,2016-05-22,3124,0.0,24.1
1209,2016-05-23,3,0.0,24.9
1210,2016-05-24,1,0.0,24.7
1211,2016-05-25,1,1.0,15.2
1212,2016-05-27,2218,1.0,14.0
1213,2016-05-28,5914,0.0,17.3
1214,2016-05-29,2689,1.0,15.7
1215,2016-05-30,1742,0.0,23.8
1216,2016-05-31,1089,0.0,26.3
1217,2016-06-01,1136,0.0,26.0
1218,2016-06-02,1630,0.0,27.1
1219,2016-06-03,2442,0.0,28.9
1220,2016-06-04,6759,0.0,21.7
1221,2016-06-05,7108,0.0,19.5
1222,2016-06-06,4923,0.0,20.7
1223,2016-06-07,1848,0.0,24.7
1224,2016-06-08,1141,1.0,17.4
1225,2016-06-09,1965,0.0,18.1
1226,2016-06-10,2642,0.0,14.7
1227,2016-06-11,5677,0.0,17.0
1228,2016-06-12,5816,0.0,20.2
1229,2016-06-13,3242,0.0,22.3
1230,2016-06-14,3036,0.0,20.2
1231,2016-06-15,2936,0.0,23.0
1232,2016-06-16,2409,1.0,16.6
1233,2016-06-17,3692,0.0,24.0
1234,2016-06-18,3802,1.0,19.6
1235,2016-06-19,3863,0.0,22.1
1236,2016-06-20,2738,0.0,21.9
1237,2016-06-21,2756,1.0,22.9
1238,2016-06-22,3030,0.0,24.8
1239,2016-06-23,2447,1.0,24.3
1240,2016-06-24,3731,1.0,26.4
1241,2016-06-25,6643,0.0,29.5
1242,2016-06-26,3604,1.0,23.4
1243,2016-06-27,4330,0.0,22.3
1244,2016-06-28,5701,0.0,21.3
1245,2016-06-29,5391,0.0,20.9
1246,2016-06-30,5146,1.0,21.1
1247,2016-07-01,3910,1.0,22.5
1248,2016-07-02,3910,1.0,22.9
1249,2016-07-03,6367,1.0,21.0
1250,2016-07-04,6120,1.0,20.6
1251,2016-07-05,8408,0.0,20.9
1252,2016-07-06,7189,0.0,23.4
1253,2016-07-07,7427,0.0,22.4
1254,2016-07-08,5913,1.0,21.3
1255,2016-07-09,8140,0.0,23.8
1256,2016-07-10,6902,0.0,23.2
1257,2016-07-11,7071,1.0,24.4
1258,2016-07-12,8790,1.0,21.9
1259,2016-07-13,10890,0.0,21.7
1260,2016-07-14,10274,0.0,22.2
1261,2016-07-15,6765,0.0,21.7
1262,2016-07-16,9583,0.0,22.0
1263,2016-07-17,8215,0.0,21.7
1264,2016-07-18,9228,1.0,21.0
1265,2016-07-19,12243,0.0,24.7
1266,2016-07-20,11357,0.0,26.0
1267,2016-07-21,10222,0.0,27.4
1268,2016-07-22,8049,0.0,27.7
1269,2016-07-23,8423,0.0,30.0
1270,2016-07-24,6407,0.0,30.4
1271,2016-07-25,7577,0.0,30.8
1272,2016-07-26,8620,1.0,26.8
1273,2016-07-27,12948,0.0,24.8
1274,2016-07-28,11213,0.0,25.1
1275,2016-07-29,8988,0.0,25.8
1276,2016-07-30,8241,1.0,23.9
1277,2016-07-31,8522,0.0,23.1
1278,2016-08-01,8758,0.0,22.2
1279,2016-08-02,11506,1.0,21.5
1280,2016-08-03,10679,0.0,22.4
1281,2016-08-04,9144,1.0,24.8
1282,2016-08-05,8492,0.0,23.3
1283,2016-08-06,8053,0.0,21.7
1284,2016-08-07,6351,0.0,22.5
1285,2016-08-08,6959,1.0,22.6
1286,2016-08-09,8204,0.0,19.0
1287,2016-08-10,6813,1.0,17.4
1288,2016-08-11,6807,1.0,16.3
1289,2016-08-12,7218,1.0,20.0
1290,2016-08-13,7257,1.0,23.0
1291,2016-08-14,5215,1.0,20.6
1292,2016-08-15,5086,0.0,19.6
1293,2016-08-16,4846,0.0,21.2
1294,2016-08-17,3145,0.0,16.7
1295,2016-08-18,1771,1.0,16.8
1296,2016-08-19,2247,1.0,18.5
1297,2016-08-20,6808,0.0,23.2
1298,2016-08-21,2627,0.0,20.9
1299,2016-08-26,2345,0.0,32.7
1300,2016-08-27,6477,0.0,23.2
1301,2016-08-28,3030,1.0,15.1
1302,2016-09-02,1876,0.0,20.0
1303,2016-09-03,5679,0.0,20.9
1304,2016-09-04,4084,0.0,20.9
1305,2016-09-09,1751,0.0,24.2
1306,2016-09-10,6835,0.0,24.5
1307,2016-09-11,5149,0.0,24.3
1308,2016-09-15,1,0.0,25.8
1309,2016-09-16,1651,0.0,19.3
1310,2016-09-17,5606,0.0,18.6
1311,2016-09-18,3509,0.0,18.4
1312,2016-09-23,1195,1.0,18.3
1313,2016-09-24,7331,0.0,17.6
1314,2016-09-25,3106,0.0,19.0
1315,2016-09-30,1005,0.0,16.7
1316,2016-10-01,6195,0.0,16.7
1317,2016-10-02,7506,0.0,17.2
1318,2016-10-08,725,0.0,8.7
1319,2016-10-09,147,1.0,10.0
1320,2016-10-15,617,0.0,7.9
1321,2016-10-16,229,0.0,8.8
1322,2016-10-22,267,1.0,4.5
1323,2016-10-23,59,1.0,7.4
1324,2016-10-29,477,0.0,9.6
1325,2016-10-30,193,0.0,9.0
1326,2016-11-02,2883,1.0,1.9
1327,2016-11-03,6919,0.0,2.4
1328,2016-11-04,8292,0.0,0.3
1329,2016-11-05,7902,0.0,3.6
1330,2016-11-06,2959,0.0,1.6
1331,2016-11-12,507,0.0,3.7
1332,2016-11-13,150,0.0,2.4
1333,2016-11-19,226,0.0,7.1
1334,2016-11-20,146,0.0,4.8
1335,2016-11-26,337,0.0,9.0
1336,2016-11-27,123,0.0,3.3
1337,2016-12-02,943,1.0,1.7
1338,2016-12-03,5182,0.0,0.8
1339,2016-12-04,3502,0.0,2.1
1340,2016-12-09,1610,0.0,9.1
1341,2016-12-10,4397,1.0,2.9
1342,2016-12-11,3437,1.0,3.1
1343,2016-12-16,1668,0.0,-0.1
1344,2016-12-17,6056,0.0,2.4
1345,2016-12-18,5161,0.0,3.0
1346,2017-02-04,290,0.0,1.4
1347,2017-02-05,49,0.0,1.8
1348,2017-02-11,195,0.0,-1.4
1349,2017-02-12,24,0.0,-0.8
1350,2017-02-18,357,0.0,2.7
1351,2017-02-19,97,0.0,6.8
1352,2017-02-21,1,1.0,0.9
1353,2017-02-25,587,0.0,2.9
1354,2017-02-26,120,1.0,3.4
1355,2017-03-04,589,0.0,4.1
1356,2017-03-05,186,0.0,0.8
1357,2017-03-11,400,0.0,7.9
1358,2017-03-12,159,0.0,9.0
1359,2017-03-18,709,1.0,6.7
1360,2017-03-19,223,0.0,7.5
1361,2017-03-25,734,0.0,11.0
1362,2017-03-26,272,0.0,17.0
1363,2017-04-01,277,1.0,15.7
1364,2017-04-05,1,1.0,12.1
1365,2017-04-08,961,0.0,17.0
1366,2017-04-09,394,0.0,15.6
1367,2017-04-10,2,1.0,13.0
1368,2017-04-11,4,0.0,10.4
1369,2017-04-12,22,1.0,6.3
1370,2017-04-14,1429,1.0,0.2
1371,2017-04-15,2569,0.0,2.4
1372,2017-04-16,3227,0.0,4.3
1373,2017-04-17,1767,0.0,3.9
1374,2017-04-22,2294,0.0,10.0
1375,2017-04-23,1619,1.0,9.6
1376,2017-04-29,2564,0.0,10.7
1377,2017-04-30,3064,0.0,13.0
1378,2017-05-01,5084,0.0,16.0
1379,2017-05-05,1321,0.0,20.4
1380,2017-05-06,4077,0.0,17.8
1381,2017-05-07,2316,0.0,13.6
1382,2017-05-09,22,0.0,8.0
1383,2017-05-10,3,1.0,7.5
1384,2017-05-11,7,0.0,9.0
1385,2017-05-12,1594,0.0,10.4
1386,2017-05-13,4607,0.0,13.6
1387,2017-05-14,2459,0.0,17.2
1388,2017-05-15,2,1.0,10.8
1389,2017-05-16,9,0.0,15.1
1390,2017-05-17,31,1.0,17.3
1391,2017-05-18,14,0.0,25.3
1392,2017-05-19,2400,0.0,27.2
1393,2017-05-20,5397,0.0,22.1
1394,2017-05-21,2831,0.0,21.2
1395,2017-05-22,3,0.0,17.5
1396,2017-05-23,2,0.0,19.6
1397,2017-05-24,11,0.0,22.8
1398,2017-05-25,6310,0.0,20.9
1399,2017-05-26,9312,0.0,22.7
1400,2017-05-27,7198,0.0,27.2
1401,2017-05-28,3637,1.0,28.6
1402,2017-05-29,1761,0.0,21.7
1403,2017-05-30,1028,1.0,16.4
1404,2017-05-31,808,1.0,17.3
1405,2017-06-01,1303,0.0,16.6
1406,2017-06-02,1981,0.0,16.2
1407,2017-06-03,3982,1.0,12.9
1408,2017-06-04,4374,1.0,19.6
1409,2017-06-05,6298,0.0,18.8
1410,2017-06-06,5327,0.0,22.5
1411,2017-06-07,944,1.0,17.3
1412,2017-06-08,1073,1.0,16.9
1413,2017-06-09,1665,1.0,17.7
1414,2017-06-10,4700,1.0,19.6
1415,2017-06-11,5655,1.0,20.8
1416,2017-06-12,1949,1.0,18.5
1417,2017-06-13,1602,1.0,17.8
1418,2017-06-14,2030,1.0,22.8
1419,2017-06-15,2668,0.0,23.8
1420,2017-06-16,2674,1.0,20.6
1421,2017-06-17,5688,0.0,24.2
1422,2017-06-18,4527,0.0,25.5
1423,2017-06-19,3305,0.0,23.6
1424,2017-06-20,3659,1.0,19.9
1425,2017-06-21,3247,0.0,20.4
1426,2017-06-22,2001,0.0,18.7
1427,2017-06-23,4480,0.0,19.9
1428,2017-06-24,6529,0.0,20.3
1429,2017-06-25,4759,1.0,17.2
1430,2017-06-26,3695,1.0,19.5
1431,2017-06-27,5999,0.0,19.4
1432,2017-06-28,5642,0.0,20.8
1433,2017-06-29,4584,0.0,21.6
1434,2017-06-30,2435,1.0,18.5
1435,2017-07-01,5269,0.0,19.3
1436,2017-07-02,6097,1.0,22.0
1437,2017-07-03,5478,0.0,20.4
1438,2017-07-04,7017,0.0,19.7
1439,2017-07-05,7164,1.0,19.6
1440,2017-07-06,7093,0.0,22.3
1441,2017-07-07,5767,0.0,22.5
1442,2017-07-08,5182,1.0,19.0
1443,2017-07-09,9324,0.0,22.7
1444,2017-07-10,8236,0.0,24.1
1445,2017-07-11,9083,1.0,24.1
1446,2017-07-12,8387,0.0,21.1
1447,2017-07-13,8542,0.0,20.9
1448,2017-07-14,7298,0.0,22.9
1449,2017-07-15,8869,0.0,24.0
1450,2017-07-16,6970,1.0,21.6
1451,2017-07-17,8836,1.0,21.2
1452,2017-07-18,9958,0.0,22.5
1453,2017-07-19,10543,0.0,23.7
1454,2017-07-20,9286,0.0,24.1
1455,2017-07-21,8187,0.0,20.6
1456,2017-07-22,9204,0.0,25.6
1457,2017-07-23,8858,0.0,23.3
1458,2017-07-24,8776,0.0,22.5
1459,2017-07-25,12033,0.0,21.5
1460,2017-07-26,11528,0.0,22.8
1461,2017-07-27,9668,0.0,24.7
1462,2017-07-28,8122,0.0,23.6
1463,2017-07-29,11073,0.0,23.3
1464,2017-07-30,8544,1.0,24.8
1465,2017-07-31,8273,0.0,24.2
1466,2017-08-01,10547,0.0,25.0
1467,2017-08-02,10016,1.0,24.0
1468,2017-08-03,8556,1.0,21.9
1469,2017-08-04,6438,1.0,21.1
1470,2017-08-05,6856,1.0,22.1
1471,2017-08-06,6101,1.0,20.0
1472,2017-08-07,6907,0.0,21.4
1473,2017-08-08,8056,0.0,24.3
1474,2017-08-09,5682,1.0,22.8
1475,2017-08-10,6786,0.0,22.0
1476,2017-08-11,5216,0.0,26.8
1477,2017-08-12,6472,0.0,18.7
1478,2017-08-13,4268,0.0,19.8
1479,2017-08-14,4419,0.0,22.5
1480,2017-08-15,4668,0.0,23.9
1481,2017-08-16,2435,1.0,22.0
1482,2017-08-17,4150,0.0,23.7
1483,2017-08-18,2414,1.0,21.7
1484,2017-08-19,4873,1.0,21.6
1485,2017-08-20,5573,1.0,20.9
1486,2017-08-21,5,0.0,21.0
1487,2017-08-22,17,0.0,19.2
1488,2017-08-23,6,0.0,20.1
1489,2017-08-24,5,0.0,21.7
1490,2017-08-25,1349,1.0,17.6
1491,2017-08-26,6120,0.0,20.7
1492,2017-08-27,3173,0.0,19.3
1493,2017-08-28,8,0.0,21.4
1494,2017-08-29,24,0.0,23.1
1495,2017-08-30,15,1.0,21.9
1496,2017-08-31,6,1.0,15.9
1497,2017-09-01,1748,0.0,19.4
1498,2017-09-02,5403,1.0,19.3
1499,2017-09-03,3466,1.0,14.2
1500,2017-09-04,24,1.0,14.0
1501,2017-09-05,10,1.0,14.1
1502,2017-09-06,13,0.0,14.4
1503,2017-09-07,19,0.0,15.7
1504,2017-09-08,1145,0.0,13.9
1505,2017-09-09,3138,1.0,17.1
1506,2017-09-10,2932,0.0,18.8
1507,2017-09-11,10,0.0,18.3
1508,2017-09-12,13,0.0,19.3
1509,2017-09-13,4,1.0,16.8
1510,2017-09-14,17,1.0,15.1
1511,2017-09-15,807,1.0,17.9
1512,2017-09-16,3751,1.0,18.2
1513,2017-09-17,2040,1.0,16.2
1514,2017-09-18,4,0.0,15.1
1515,2017-09-19,8,1.0,12.8
1516,2017-09-20,16,1.0,11.1
1517,2017-09-21,6,1.0,15.8
1518,2017-09-22,772,1.0,12.9
1519,2017-09-23,2890,1.0,15.1
1520,2017-09-24,2719,0.0,16.5
1521,2017-09-25,15,0.0,18.5
1522,2017-09-26,6,0.0,17.6
1523,2017-09-27,11,0.0,17.0
1524,2017-09-28,12,0.0,17.5
1525,2017-09-29,758,0.0,12.6
1526,2017-09-30,5795,0.0,14.8
1527,2017-10-01,1472,0.0,15.1
1528,2017-10-02,2,1.0,14.4
1529,2017-10-03,1,1.0,15.0
1530,2017-10-04,7,1.0,13.6
1531,2017-10-05,3,0.0,13.0
1532,2017-10-06,6,0.0,13.2
1533,2017-10-07,4638,1.0,11.9
1534,2017-10-08,4062,1.0,7.5
1535,2017-10-09,20,0.0,10.0
1536,2017-10-10,15,0.0,10.9
1537,2017-10-11,7,0.0,11.6
1538,2017-10-12,6,1.0,14.2
1539,2017-10-13,11,0.0,11.3
1540,2017-10-14,1236,1.0,15.4
1541,2017-10-15,1210,0.0,14.8
1542,2017-10-16,20,0.0,16.6
1543,2017-10-18,4,0.0,11.1
1544,2017-10-19,15,0.0,11.4
1545,2017-10-20,16,0.0,10.2
1546,2017-10-21,1199,0.0,10.7
1547,2017-10-22,900,0.0,8.6
1548,2017-10-23,1,1.0,7.9
1549,2017-10-24,1,1.0,5.8
1550,2017-10-25,3,1.0,11.0
1551,2017-10-26,7,0.0,10.7
1552,2017-10-27,12,0.0,6.0
1553,2017-10-28,920,1.0,10.5
1554,2017-10-29,1155,0.0,6.0
1555,2017-10-30,8,0.0,4.9
1556,2017-10-31,16,0.0,7.2
1557,2017-11-01,4635,1.0,10.9
1558,2017-11-02,5680,0.0,9.3
1559,2017-11-03,9740,0.0,9.6
1560,2017-11-04,10742,0.0,10.3
1561,2017-11-05,5466,0.0,11.3
1562,2017-11-06,10,0.0,9.0
1563,2017-11-07,17,0.0,8.1
1564,2017-11-08,7,0.0,5.4
1565,2017-11-09,6,0.0,8.0
1566,2017-11-10,11,0.0,8.5
1567,2017-11-11,18,1.0,3.1
1568,2017-11-12,21,0.0,4.0
1569,2017-11-13,41,0.0,2.7
1570,2017-11-14,7,1.0,1.3
1571,2017-11-15,10,0.0,8.0
1572,2017-11-16,10,0.0,5.2
1573,2017-11-17,23,0.0,7.4
1574,2017-11-19,8,1.0,1.5
1575,2017-11-20,4,0.0,-0.7
1576,2017-11-21,24,1.0,-1.0
1577,2017-11-22,6,1.0,3.5
1578,2017-11-23,8,1.0,10.4
1579,2017-11-24,7,0.0,7.0
1580,2017-11-25,1,0.0,4.4
1581,2017-11-26,7,1.0,3.0
1582,2017-11-27,1,0.0,4.5
1583,2017-11-28,19,1.0,4.6
1584,2017-11-29,12,0.0,3.7
1585,2017-11-30,42,0.0,1.5
1586,2017-12-01,752,0.0,1.2
1587,2017-12-02,4103,0.0,3.2
1588,2017-12-03,2771,1.0,6.1
1589,2017-12-04,9,0.0,1.3
1590,2017-12-05,9,0.0,5.3
1591,2017-12-06,9,0.0,1.0
1592,2017-12-07,6,0.0,8.4
1593,2017-12-08,1482,0.0,5.5
1594,2017-12-09,6488,0.0,4.0
1595,2017-12-10,5407,0.0,1.1
1596,2017-12-11,3,1.0,0.7
1597,2017-12-12,5,1.0,0.5
1598,2017-12-13,7,1.0,2.4
1599,2017-12-14,5,1.0,1.9
1600,2017-12-15,1621,1.0,1.2
1601,2017-12-16,6550,1.0,0.9
1602,2017-12-17,5469,0.0,-2.0
1603,2017-12-18,1,0.0,1.0
1604,2017-12-19,8,0.0,0.5
1605,2017-12-20,2,0.0,3.6
1606,2017-12-21,2,0.0,3.4
1607,2017-12-22,2,0.0,2.5
1608,2017-12-23,1,1.0,8.4
1609,2017-12-27,1,0.0,3.7
1610,2017-12-29,3,0.0,2.5
1611,2017-12-30,1,1.0,1.3
1612,2017-12-31,1,0.0,1.6
1613,2018-01-02,1,1.0,5.2
1614,2018-01-03,1,1.0,3.4
1615,2018-01-04,1,1.0,3.0
1616,2018-01-05,3,0.0,1.7
1617,2018-01-08,2,0.0,2.3
1618,2018-01-09,2,0.0,0.1
1619,2018-01-10,3,0.0,1.2
1620,2018-01-11,1,0.0,1.9
1621,2018-01-12,5,0.0,1.4
1622,2018-01-15,5,0.0,-1.1
1623,2018-01-16,2,1.0,1.4
1624,2018-01-17,6,1.0,0.6
1625,2018-01-18,7,1.0,0.6
1626,2018-01-19,6,0.0,1.1
1627,2018-01-20,5,0.0,-1.6
1628,2018-01-21,8,0.0,0.6
1629,2018-01-22,4,0.0,-3.6
1630,2018-01-23,4,0.0,-2.1
1631,2018-01-24,3,1.0,5.8
1632,2018-01-25,3,0.0,7.6
1633,2018-01-26,8,0.0,6.6
1634,2018-01-28,1,1.0,5.0
1635,2018-01-29,11,1.0,0.8
1636,2018-01-30,18,0.0,0.4
1637,2018-01-31,5,1.0,1.7
1638,2018-02-01,5,1.0,2.2
1639,2018-02-02,29,1.0,-3.8
1640,2018-02-03,9,1.0,-3.0
1641,2018-02-04,5,1.0,-3.0
1642,2018-02-05,6,0.0,-4.1
1643,2018-02-07,5,1.0,-2.2
1644,2018-02-08,4,1.0,2.0
1645,2018-02-09,15,0.0,-1.4
1646,2018-02-10,5,1.0,1.5
1647,2018-02-12,3,0.0,2.5
1648,2018-02-13,1,1.0,3.4
1649,2018-02-14,11,0.0,3.0
1650,2018-02-15,6,0.0,1.7
1651,2018-02-16,5,0.0,1.5
1652,2018-02-17,3,1.0,1.2
1653,2018-02-19,1,1.0,0.8
1654,2018-02-21,3,1.0,-3.0
1655,2018-02-22,1,0.0,-2.7
1656,2018-02-23,2,1.0,-1.5
1657,2018-02-24,177,0.0,-4.0
1658,2018-02-25,77,1.0,-5.2
1659,2018-02-26,2,0.0,-3.2
1660,2018-02-27,13,1.0,-10.2
1661,2018-02-28,2,1.0,-8.1
1662,2018-03-01,5,0.0,-5.1
1663,2018-03-02,12,0.0,-3.7
1664,2018-03-03,269,0.0,-2.3
1665,2018-03-04,75,0.0,-2.9
1666,2018-03-05,22,0.0,-1.8
1667,2018-03-06,7,1.0,-0.5
1668,2018-03-07,4,0.0,1.8
1669,2018-03-08,9,1.0,-1.1
1670,2018-03-09,13,1.0,0.6
1671,2018-03-10,157,0.0,-0.9
1672,2018-03-11,38,0.0,0.5
1673,2018-03-12,16,0.0,2.5
1674,2018-03-13,5,1.0,1.1
1675,2018-03-14,20,0.0,2.6
1676,2018-03-15,75,0.0,-0.7
1677,2018-03-16,71,1.0,-1.4
1678,2018-03-17,88,0.0,-1.3
1679,2018-03-18,47,0.0,2.3
1680,2018-03-19,4,0.0,3.7
1681,2018-03-20,7,0.0,2.3
1682,2018-03-21,7,0.0,4.7
1683,2018-03-22,22,0.0,3.6
1684,2018-03-23,1,0.0,8.2
1685,2018-03-24,127,0.0,5.1
1686,2018-03-25,49,0.0,8.1
1687,2018-03-26,6,1.0,0.8
1688,2018-03-27,19,0.0,2.8
1689,2018-03-28,5,0.0,2.7
1690,2018-03-29,3,0.0,2.1
1691,2018-03-30,10,0.0,4.2
1692,2018-03-31,348,0.0,4.2
1693,2018-04-01,128,0.0,0.9
1694,2018-04-03,5,0.0,7.2
1695,2018-04-04,4,1.0,9.6
1696,2018-04-05,9,1.0,10.5
1697,2018-04-06,9,1.0,8.3
1698,2018-04-07,245,0.0,12.4
1699,2018-04-08,143,0.0,14.4
1700,2018-04-09,13,0.0,13.2
1701,2018-04-10,14,0.0,9.5
1702,2018-04-11,58,0.0,8.4
1703,2018-04-12,50,0.0,10.4
1704,2018-04-13,36,0.0,12.9
1705,2018-04-14,196,0.0,16.1
1706,2018-04-15,182,0.0,12.1
1707,2018-04-16,14,0.0,14.1
1708,2018-04-17,38,0.0,14.6
1709,2018-04-18,27,0.0,18.2
1710,2018-04-19,16,0.0,20.3
1711,2018-04-20,17,0.0,26.1
1712,2018-04-21,318,0.0,18.0
1713,2018-04-22,812,0.0,16.7
1714,2018-04-23,8,1.0,11.0
1715,2018-04-24,4,1.0,11.2
1716,2018-04-25,14,1.0,12.5
1717,2018-04-26,13,0.0,13.7
1718,2018-04-27,6,0.0,12.5
1719,2018-04-28,3177,1.0,11.6
1720,2018-04-29,3633,1.0,11.5
1721,2018-04-30,3299,0.0,11.5
1722,2018-05-01,4965,0.0,13.5
1723,2018-05-02,11,0.0,14.5
1724,2018-05-03,5,1.0,9.5
1725,2018-05-04,921,0.0,14.7
1726,2018-05-05,4274,0.0,19.5
1727,2018-05-06,3271,0.0,20.4
1728,2018-05-07,15,0.0,24.1
1729,2018-05-08,7,0.0,25.6
1730,2018-05-09,28,0.0,22.4
1731,2018-05-10,5131,0.0,20.1
1732,2018-05-11,4436,0.0,22.6
1733,2018-05-12,5814,0.0,20.0
1734,2018-05-13,3184,0.0,24.0
1735,2018-05-14,3,0.0,26.9
1736,2018-05-15,14,0.0,27.5
1737,2018-05-16,9,0.0,27.8
1738,2018-05-17,30,0.0,20.4
1739,2018-05-18,1733,0.0,19.5
1740,2018-05-19,5000,0.0,21.9
1741,2018-05-20,3345,0.0,24.7
1742,2018-05-21,19,0.0,24.8
1743,2018-05-22,1,0.0,23.6
1744,2018-05-23,4,0.0,25.1
1745,2018-05-24,8,0.0,23.2
1746,2018-05-25,2607,0.0,23.2
1747,2018-05-26,5670,0.0,25.9
1748,2018-05-27,3155,0.0,25.3
1749,2018-05-28,1392,0.0,22.5
1750,2018-05-29,925,0.0,28.2
1751,2018-05-30,745,0.0,27.9
1752,2018-05-31,1180,0.0,22.4
1753,2018-06-01,1687,0.0,26.9
1754,2018-06-02,4754,0.0,29.6
1755,2018-06-03,2625,0.0,31.2
1756,2018-06-04,1471,0.0,24.5
1757,2018-06-05,2232,0.0,16.7
1758,2018-06-06,5173,0.0,20.2
1759,2018-06-07,1692,0.0,26.5
1760,2018-06-08,2227,0.0,22.4
1761,2018-06-09,5968,0.0,27.4
1762,2018-06-10,5210,0.0,29.2
1763,2018-06-11,1419,1.0,22.9
1764,2018-06-12,1569,0.0,22.9
1765,2018-06-13,1295,1.0,20.6
1766,2018-06-14,2160,0.0,22.9
1767,2018-06-15,3201,0.0,22.8
1768,2018-06-16,6420,0.0,22.6
1769,2018-06-17,3513,1.0,19.0
1770,2018-06-18,2544,0.0,20.8
1771,2018-06-19,3149,1.0,20.5
1772,2018-06-20,2577,0.0,18.0
1773,2018-06-21,1650,1.0,17.0
1774,2018-06-22,3588,1.0,17.7
1775,2018-06-23,6343,0.0,19.1
1776,2018-06-24,4299,0.0,22.6
1777,2018-06-25,3390,0.0,24.5
1778,2018-06-26,4527,0.0,24.9
1779,2018-06-27,3497,0.0,29.7
1780,2018-06-28,3496,0.0,30.8
1781,2018-06-29,4177,0.0,21.0
1782,2018-06-30,6899,0.0,20.6
1783,2018-07-01,5484,0.0,22.9
1784,2018-07-02,5296,0.0,24.5
1785,2018-07-03,5192,0.0,24.5
1786,2018-07-04,5600,0.0,27.6
1787,2018-07-05,5875,0.0,26.7
1788,2018-07-06,4444,0.0,29.2
1789,2018-07-07,4385,1.0,20.5
1790,2018-07-08,6951,0.0,26.0
1791,2018-07-09,7631,0.0,22.0
1792,2018-07-10,8983,1.0,26.1
1793,2018-07-11,8380,0.0,27.4
1794,2018-07-12,8092,0.0,26.0
1795,2018-07-13,6232,0.0,29.6
1796,2018-07-14,6813,0.0,29.8
1797,2018-07-15,5005,0.0,31.3
1798,2018-07-16,5775,0.0,33.2
1799,2018-07-17,7398,0.0,30.7
1800,2018-07-18,7770,0.0,31.2
1801,2018-07-19,7546,0.0,30.1
1802,2018-07-20,6114,1.0,31.1
1803,2018-07-21,7630,0.0,28.4
1804,2018-07-22,6347,0.0,27.3
1805,2018-07-23,7013,0.0,28.0
1806,2018-07-24,7213,0.0,31.0
1807,2018-07-25,6653,0.0,33.5
1808,2018-07-26,6152,0.0,33.5
1809,2018-07-27,5262,0.0,32.4
1810,2018-07-28,7460,0.0,28.1
1811,2018-07-29,4103,1.0,26.6
1812,2018-07-30,6399,1.0,26.6
1813,2018-07-31,7576,0.0,30.7
1814,2018-08-01,6694,0.0,33.0
1815,2018-08-02,7022,0.0,28.7
1816,2018-08-03,6171,0.0,28.9
1817,2018-08-04,7246,1.0,27.4
1818,2018-08-05,5936,0.0,27.5
1819,2018-08-06,5947,0.0,23.7
1820,2018-08-07,7512,0.0,27.4
1821,2018-08-08,4482,0.0,33.0
1822,2018-08-09,4546,0.0,28.7
1823,2018-08-10,3856,0.0,27.2
1824,2018-08-11,7604,0.0,24.2
1825,2018-08-12,3255,1.0,19.2
1826,2018-08-13,4834,0.0,22.9
1827,2018-08-14,2531,1.0,16.5
1828,2018-08-15,4044,0.0,22.1
1829,2018-08-16,3954,0.0,24.4
1830,2018-08-17,2868,1.0,26.8
1831,2018-08-18,7167,0.0,23.0
1832,2018-08-19,4205,0.0,23.3
1833,2018-08-20,2,1.0,20.1
1834,2018-08-21,1,0.0,20.7
1835,2018-08-22,2,0.0,22.7
1836,2018-08-23,13,0.0,27.6
1837,2018-08-24,1954,0.0,22.4
1838,2018-08-25,6729,0.0,20.2
1839,2018-08-26,4019,1.0,19.3
1840,2018-08-27,6,1.0,19.3
1841,2018-08-28,14,1.0,18.2
1842,2018-08-29,12,1.0,20.4
1843,2018-08-30,13,1.0,20.6
1844,2018-08-31,645,1.0,15.3
1845,2018-09-01,3978,0.0,18.8
1846,2018-09-02,3465,0.0,23.1
1847,2018-09-03,5,0.0,23.2
1848,2018-09-04,5,0.0,23.5
1849,2018-09-05,11,0.0,24.7
1850,2018-09-06,14,0.0,20.7
1851,2018-09-07,1250,0.0,19.3
1852,2018-09-08,4055,1.0,20.3
1853,2018-09-09,3431,0.0,20.9
1854,2018-09-10,3,1.0,19.7
1855,2018-09-12,15,0.0,17.2
1856,2018-09-13,35,0.0,17.8
1857,2018-09-14,984,0.0,16.6
1858,2018-09-15,3704,0.0,17.2
1859,2018-09-16,2821,0.0,16.8
1860,2018-09-17,2,0.0,16.7
1861,2018-09-18,5,0.0,24.6
1862,2018-09-19,12,0.0,22.4
1863,2018-09-21,1144,1.0,24.0
1864,2018-09-22,3606,0.0,16.1
1865,2018-09-23,2584,1.0,15.4
1866,2018-09-28,906,0.0,10.9
1867,2018-09-29,3102,1.0,13.0
1868,2018-09-30,4521,0.0,14.2
1869,2018-10-06,5251,0.0,12.2
1870,2018-10-07,5204,0.0,11.5
1871,2018-10-27,5056,0.0,4.0
1872,2018-10-28,4477,1.0,3.6
1873,2018-10-31,3836,0.0,10.4
1874,2018-11-01,6772,0.0,10.3
1875,2018-11-02,6941,0.0,11.1
1876,2018-11-03,8715,0.0,10.0
1877,2018-11-04,4507,0.0,8.1
1878,2018-11-30,248,1.0,2.1
1879,2018-12-01,2885,0.0,2.3
1880,2018-12-02,1357,1.0,5.1
1881,2018-12-07,789,0.0,2.3
1882,2018-12-08,4866,1.0,6.6
1883,2018-12-09,3323,1.0,5.4
1884,2018-12-14,1594,0.0,-0.1
1885,2018-12-15,6387,0.0,-0.7
1886,2018-12-16,4830,1.0,0.5
1887,2019-04-19,8448,0.0,21.4
1888,2019-04-20,8299,0.0,21.4
1889,2019-04-21,7498,0.0,20.9
1890,2019-04-22,6713,0.0,19.4
1891,2019-04-26,1444,0.0,21.0
1892,2019-04-27,3731,1.0,19.6
1893,2019-04-28,2311,0.0,17.2
1894,2019-05-01,7326,1.0,15.7
1895,2019-05-03,856,1.0,8.4
1896,2019-05-04,2943,0.0,9.1
1897,2019-05-05,3003,0.0,12.0
1898,2019-05-10,1586,1.0,14.9
1899,2019-05-11,5060,0.0,16.2
1900,2019-05-12,2659,0.0,11.7
1901,2019-05-17,2266,0.0,19.3
1902,2019-05-18,4460,0.0,19.4
1903,2019-05-19,3188,0.0,20.4
1904,2019-05-24,2334,1.0,19.5
1905,2019-05-25,4654,0.0,18.5
1906,2019-05-26,3010,1.0,15.7
1907,2019-05-27,963,1.0,13.5
1908,2019-05-28,1247,1.0,18.2
1909,2019-05-29,1493,0.0,15.6
1910,2019-05-30,6230,0.0,17.5
1911,2019-05-31,8311,0.0,19.1
1912,2019-06-01,5272,1.0,18.7
1913,2019-06-02,4410,0.0,21.1
1914,2019-06-03,1571,0.0,23.3
1915,2019-06-04,1737,0.0,22.6
1916,2019-06-05,1710,0.0,27.6
1917,2019-06-06,5539,0.0,28.3
1918,2019-06-07,6470,0.0,27.4
1919,2019-06-08,6240,1.0,27.0
1920,2019-06-09,4651,1.0,19.9
1921,2019-06-10,1998,0.0,23.0
1922,2019-06-11,948,1.0,16.6
1923,2019-06-12,921,1.0,17.2
1924,2019-06-13,1218,0.0,21.9
1925,2019-06-14,3073,0.0,24.2
1926,2019-06-15,5978,0.0,26.9
1927,2019-06-16,4418,0.0,26.8
1928,2019-06-17,3357,0.0,23.3
1929,2019-06-18,3582,0.0,27.6
1930,2019-06-19,2776,1.0,28.6
1931,2019-06-20,1664,1.0,27.9
1932,2019-06-21,5130,0.0,21.8
1933,2019-06-22,7943,0.0,21.2
1934,2019-06-23,5420,0.0,22.1
1935,2019-06-24,4194,0.0,23.2
1936,2019-06-25,5527,0.0,23.6
1937,2019-06-26,3259,1.0,21.1
1938,2019-06-27,5595,0.0,22.2
1939,2019-06-28,4719,0.0,23.3
1940,2019-06-29,6679,0.0,27.2
1941,2019-06-30,4694,0.0,31.7
1942,2019-07-01,6272,0.0,22.2
1943,2019-07-02,3276,1.0,15.0
1944,2019-07-03,8424,0.0,18.8
1945,2019-07-04,5700,1.0,17.3
1946,2019-07-05,5396,0.0,19.1
1947,2019-07-06,8571,0.0,20.8
1948,2019-07-07,5727,1.0,19.7
1949,2019-07-08,7502,1.0,20.0
1950,2019-07-09,8651,0.0,16.5
1951,2019-07-10,10705,0.0,22.6
1952,2019-07-11,9722,0.0,24.2
1953,2019-07-12,6968,1.0,22.6
1954,2019-07-13,9345,0.0,22.7
1955,2019-07-14,8442,0.0,25.7
1956,2019-07-15,5056,1.0,20.4
1957,2019-07-16,6867,1.0,15.8
1958,2019-07-17,12582,0.0,21.0
1959,2019-07-18,12273,0.0,24.5
1960,2019-07-19,9569,0.0,25.1
1961,2019-07-20,10206,0.0,26.8
1962,2019-07-21,5040,1.0,20.3
1963,2019-07-22,9590,0.0,23.2
1964,2019-07-23,12105,0.0,21.2
1965,2019-07-24,8959,0.0,28.2
1966,2019-07-25,7086,0.0,31.0
1967,2019-07-26,5753,0.0,29.3
1968,2019-07-27,7643,0.0,29.1
1969,2019-07-28,5773,0.0,30.3
1970,2019-07-29,6680,0.0,28.9
1971,2019-07-30,9212,1.0,19.2
1972,2019-07-31,13274,0.0,18.2
1973,2019-08-01,11266,0.0,23.4
1974,2019-08-02,8317,0.0,26.6
1975,2019-08-03,9230,0.0,22.0
1976,2019-08-04,5288,1.0,21.0
1977,2019-08-05,7556,0.0,24.0
1978,2019-08-06,6560,0.0,22.5
1979,2019-08-07,9930,1.0,24.5
1980,2019-08-08,5899,1.0,22.4
1981,2019-08-09,6202,0.0,24.9
1982,2019-08-10,4664,1.0,19.1
1983,2019-08-11,3936,1.0,23.5
1984,2019-08-12,5478,1.0,23.1
1985,2019-08-13,6067,0.0,21.8
1986,2019-08-14,5174,1.0,19.9
1987,2019-08-15,4684,0.0,21.7
1988,2019-08-16,3998,0.0,24.0
1989,2019-08-17,6801,1.0,20.8
1990,2019-08-18,2947,1.0,20.7
1991,2019-08-23,1924,1.0,20.5
1992,2019-08-24,8054,0.0,22.8
1993,2019-08-25,4733,0.0,27.5
1994,2019-08-30,2227,0.0,21.6
1995,2019-08-31,7070,0.0,25.5
1996,2019-09-01,2880,1.0,27.8
1997,2019-09-06,1480,0.0,16.5
1998,2019-09-07,4722,0.0,18.9
1999,2019-09-08,3542,0.0,19.8
2000,2019-09-13,1178,0.0,17.7
2001,2019-09-14,5213,0.0,17.4
2002,2019-09-15,2676,1.0,16.5
2003,2019-09-20,1226,0.0,14.9
2004,2019-09-21,5639,0.0,21.6
2005,2019-09-22,3596,0.0,15.9
2006,2019-09-27,1245,1.0,15.5
2007,2019-09-28,2435,0.0,14.7
2008,2019-09-29,2101,0.0,13.9
2009,2019-10-05,2715,0.0,7.7
2010,2019-10-06,2032,0.0,6.4
2011,2019-10-12,287,1.0,14.8
2012,2019-10-13,195,0.0,14.2
2013,2019-10-19,424,0.0,13.1
2014,2019-10-20,246,1.0,13.9
2015,2019-10-26,6920,1.0,13.8
2016,2019-10-27,5658,1.0,7.6
2017,2019-10-30,6426,0.0,5.3
2018,2019-10-31,7401,0.0,9.4
2019,2019-11-01,9533,0.0,7.0
2020,2019-11-02,9813,0.0,6.6
2021,2019-11-03,3582,1.0,3.5
2022,2019-11-09,445,1.0,3.8
2023,2019-11-10,436,1.0,-0.3
2024,2019-11-16,644,1.0,7.1
2025,2019-11-17,557,1.0,8.2
2026,2019-11-23,755,1.0,5.5
2027,2019-11-24,424,0.0,3.3
2028,2019-11-29,393,1.0,-1.3
2029,2019-11-30,4247,0.0,1.4
2030,2019-12-01,2917,0.0,-0.6
2031,2019-12-06,456,1.0,9.0
2032,2019-12-07,5287,1.0,7.9
2033,2019-12-08,2786,1.0,8.5
2034,2019-12-13,413,1.0,3.5
2035,2019-12-14,6301,1.0,3.6
2036,2019-12-15,7151,1.0,4.8
2037,2020-03-07,261,1.0,6.7
2038,2020-03-08,239,0.0,9.0
2039,2020-03-14,134,0.0,4.1
2040,2020-03-15,149,0.0,7.9
2041,2020-03-21,134,0.0,4.6
2042,2020-03-22,115,0.0,6.0
2043,2020-03-28,218,1.0,10.1
2044,2020-03-29,102,0.0,6.5
2045,2020-04-04,643,0.0,9.4
2046,2020-04-05,595,0.0,12.7
2047,2020-04-10,1261,0.0,12.3
2048,2020-04-11,1333,0.0,13.4
2049,2020-04-12,1105,0.0,14.9
2050,2020-04-13,1151,0.0,8.3
2051,2020-04-18,1782,0.0,10.6
2052,2020-04-19,1791,0.0,14.9
2053,2020-04-25,2630,0.0,12.6
2054,2020-04-26,2283,0.0,14.7
2055,2020-04-30,172,1.0,8.2
2056,2020-05-01,1294,1.0,10.8
2057,2020-05-02,2322,0.0,14.8
2058,2020-05-03,2059,1.0,16.9
2059,2020-05-09,3255,0.0,13.5
2060,2020-05-10,1363,0.0,19.7
2061,2020-05-16,2848,0.0,12.1
2062,2020-05-17,1781,1.0,13.7
2063,2020-05-21,4240,0.0,19.3
2064,2020-05-22,4136,0.0,17.1
2065,2020-05-23,1678,1.0,10.9
2066,2020-05-24,2201,1.0,15.8
2067,2020-05-30,3062,0.0,19.9
2068,2020-05-31,2950,0.0,22.6
2069,2020-06-01,810,0.0,27.2
2070,2020-06-02,527,0.0,21.2
2071,2020-06-03,619,0.0,18.8
2072,2020-06-04,833,0.0,19.5
2073,2020-06-05,987,1.0,14.9
2074,2020-06-06,1982,1.0,15.0
2075,2020-06-07,2842,0.0,19.3
2076,2020-06-08,849,0.0,20.8
2077,2020-06-09,677,0.0,23.1
2078,2020-06-10,796,0.0,23.9
2079,2020-06-11,1168,0.0,24.5
2080,2020-06-12,2131,0.0,23.8
2081,2020-06-13,3164,0.0,22.2
2082,2020-06-14,3275,0.0,23.9
2083,2020-06-15,1469,0.0,26.1
2084,2020-06-16,1066,1.0,18.5
2085,2020-06-17,1380,1.0,21.5
2086,2020-06-18,1353,0.0,25.6
2087,2020-06-19,3405,0.0,26.7
2088,2020-06-20,3718,0.0,25.9
2089,2020-06-21,3256,0.0,23.5
2090,2020-06-22,1706,1.0,22.6
2091,2020-06-23,2230,0.0,24.9
2092,2020-06-24,1585,0.0,29.9
2093,2020-06-25,1572,0.0,30.3
2094,2020-06-26,1791,0.0,31.3
2095,2020-06-27,3798,0.0,29.6
2096,2020-06-28,3043,0.0,29.7
2097,2020-06-29,2424,0.0,24.7
2098,2020-06-30,2877,1.0,21.7
2099,2020-07-01,2268,1.0,20.0
2100,2020-07-02,4255,0.0,21.6
2101,2020-07-03,4152,0.0,19.6
2102,2020-07-04,3619,1.0,19.5
2103,2020-07-05,1983,1.0,22.0
2104,2020-07-06,4269,1.0,19.4
2105,2020-07-07,4809,1.0,19.7
2106,2020-07-08,4538,1.0,15.5
2107,2020-07-09,4760,1.0,20.0
2108,2020-07-10,4482,1.0,20.5
2109,2020-07-11,4322,0.0,20.5
2110,2020-07-12,4821,0.0,20.8
2111,2020-07-13,4678,1.0,21.0
2112,2020-07-14,4869,0.0,20.4
2113,2020-07-15,4859,1.0,19.3
2114,2020-07-16,4359,0.0,24.8
2115,2020-07-17,4726,0.0,27.1
2116,2020-07-18,4735,0.0,25.6
2117,2020-07-19,3810,0.0,26.8
2118,2020-07-20,3814,1.0,22.3
2119,2020-07-21,4520,1.0,19.2
2120,2020-07-22,4816,0.0,20.1
2121,2020-07-23,4642,0.0,20.1
2122,2020-07-24,4715,0.0,18.1
2123,2020-07-25,4954,0.0,23.3
2124,2020-07-26,4656,1.0,23.8
2125,2020-07-27,4660,0.0,22.7
2126,2020-07-28,4433,1.0,19.6
2127,2020-07-29,4714,1.0,19.8
2128,2020-07-30,4864,0.0,22.0
2129,2020-07-31,4956,0.0,24.0
2130,2020-08-01,4618,0.0,26.9
2131,2020-08-02,4796,0.0,24.6
2132,2020-08-03,5046,0.0,22.2
2133,2020-08-04,5265,0.0,23.0
2134,2020-08-05,5262,0.0,20.4
2135,2020-08-06,5320,0.0,27.4
2136,2020-08-07,4878,0.0,29.5
2137,2020-08-08,4724,0.0,30.2
2138,2020-08-09,4826,0.0,30.3
2139,2020-08-10,4020,0.0,24.9
2140,2020-08-11,3960,0.0,25.0
2141,2020-08-12,3643,0.0,26.8
2142,2020-08-13,3463,0.0,28.2
2143,2020-08-14,3323,0.0,29.3
2144,2020-08-15,4692,0.0,30.2
2145,2020-08-16,3584,0.0,29.9
2146,2020-08-22,3849,0.0,25.8
2147,2020-08-23,3724,1.0,21.9
2148,2020-08-29,2447,1.0,14.4
2149,2020-08-30,2670,1.0,17.7
2150,2020-09-05,4082,1.0,18.6
2151,2020-09-06,3170,1.0,17.7
2152,2020-09-12,2122,1.0,15.2
2153,2020-09-13,1624,1.0,15.9
2154,2020-09-19,3697,0.0,18.7
2155,2020-09-20,2783,0.0,17.4
2156,2020-09-26,2417,0.0,18.6
2157,2020-09-27,2844,0.0,18.5
2158,2020-10-03,2595,0.0,14.2
2159,2020-10-04,915,1.0,15.0
2160,2020-10-17,4399,0.0,11.7
2161,2020-10-18,4982,0.0,8.6
2162,2020-10-24,5986,0.0,11.9
2163,2020-10-25,5480,0.0,13.2
2164,2020-10-26,5778,1.0,12.1
2165,2020-10-27,6103,1.0,10.4
2166,2020-10-28,6307,1.0,11.0
2167,2020-10-29,6505,1.0,11.7
2168,2020-10-30,6104,0.0,7.0
2169,2020-10-31,5945,1.0,9.6
2170,2020-11-01,5714,0.0,10.9
2171,2020-11-27,288,0.0,3.2
2172,2020-11-28,3582,0.0,1.0
2173,2020-11-29,3349,0.0,0.3
2174,2020-12-04,1653,1.0,4.3
2175,2020-12-05,4876,1.0,6.8
2176,2020-12-06,3882,0.0,7.8
2177,2020-12-11,1952,1.0,3.5
2178,2020-12-12,4345,1.0,4.9
2179,2020-12-13,3830,1.0,3.7
2180,2020-12-18,1424,0.0,7.7
2181,2020-12-19,4490,0.0,8.1
2182,2020-12-20,3904,1.0,7.3
2183,2021-04-01,1365,0.0,10.6
2184,2021-04-02,2882,0.0,10.4
2185,2021-04-03,3101,0.0,9.0
2186,2021-04-04,3575,0.0,13.2
2187,2021-04-05,2907,1.0,4.7
2188,2021-04-06,2155,0.0,9.2
2189,2021-04-07,1626,1.0,9.3
2190,2021-04-08,1964,0.0,10.4
2191,2021-04-09,1800,1.0,9.6
2192,2021-04-10,3404,0.0,10.4
2193,2021-04-11,2192,1.0,7.1
2194,2021-04-17,2302,0.0,14.6
2195,2021-04-18,1858,0.0,16.6
2196,2021-04-24,2999,0.0,9.2
2197,2021-04-25,2366,1.0,7.5
2198,2021-05-01,2555,0.0,13.8
2199,2021-05-02,1516,0.0,13.0
2200,2021-05-08,2358,0.0,14.1
2201,2021-05-09,617,1.0,9.1
2202,2021-05-13,3994,0.0,22.1
2203,2021-05-14,3076,1.0,18.8
2204,2021-05-15,2762,0.0,13.8
2205,2021-05-16,2147,1.0,15.4
2206,2021-05-22,2535,1.0,16.6
2207,2021-05-23,1326,1.0,14.5
2208,2021-05-29,3280,0.0,20.4
2209,2021-05-30,2614,0.0,22.0
2210,2021-05-31,858,0.0,24.5
2211,2021-06-01,1292,0.0,17.9
2212,2021-06-02,1138,0.0,21.3
2213,2021-06-03,1132,0.0,21.7
2214,2021-06-04,2548,0.0,23.8
2215,2021-06-05,4166,0.0,25.9
2216,2021-06-06,3882,0.0,27.8
2217,2021-06-07,1577,0.0,26.1
2218,2021-06-08,1067,0.0,21.2
2219,2021-06-09,1247,0.0,24.6
2220,2021-06-10,1636,0.0,24.4
2221,2021-06-11,3163,0.0,24.5
2222,2021-06-12,4955,0.0,21.4
2223,2021-06-13,4674,0.0,22.3
2224,2021-06-14,2699,1.0,22.0
2225,2021-06-15,2304,0.0,20.8
2226,2021-06-16,2395,0.0,22.9
2227,2021-06-17,2323,0.0,27.9
2228,2021-06-18,2686,0.0,33.3
2229,2021-06-19,4396,0.0,30.7
2230,2021-06-20,3248,0.0,29.4
2231,2021-06-21,3097,1.0,26.0
2232,2021-06-22,2750,0.0,23.9
2233,2021-06-23,3006,1.0,21.5
2234,2021-06-24,3273,1.0,24.7
2235,2021-06-25,3877,1.0,19.8
2236,2021-06-26,4166,1.0,23.9
2237,2021-06-27,4332,0.0,23.0
2238,2021-06-28,3342,0.0,26.1
2239,2021-06-29,3425,0.0,25.3
2240,2021-06-30,3656,0.0,20.9
2241,2021-07-01,3816,0.0,25.6
2242,2021-07-02,3819,0.0,26.0
2243,2021-07-03,5545,0.0,25.9
2244,2021-07-04,5044,0.0,27.7
2245,2021-07-05,4705,1.0,25.9
2246,2021-07-06,4466,0.0,26.9
2247,2021-07-07,4425,0.0,21.6
2248,2021-07-08,5353,0.0,26.0
2249,2021-07-09,4954,0.0,25.1
2250,2021-07-10,5282,0.0,25.4
2251,2021-07-11,5853,0.0,24.5
2252,2021-07-12,5995,0.0,26.4
2253,2021-07-13,5999,0.0,26.6
2254,2021-07-14,5749,0.0,29.7
2255,2021-07-15,5750,0.0,31.5
2256,2021-07-16,6386,0.0,24.7
2257,2021-07-17,6051,0.0,29.9
2258,2021-07-18,6454,0.0,25.3
2259,2021-07-19,6578,0.0,23.1
2260,2021-07-20,7123,0.0,23.8
2261,2021-07-21,7380,0.0,24.8
2262,2021-07-22,7237,0.0,27.9
2263,2021-07-23,7441,0.0,24.7
2264,2021-07-24,6992,0.0,27.9
2265,2021-07-25,6455,0.0,26.5
2266,2021-07-26,6634,0.0,26.8
2267,2021-07-27,6506,1.0,27.8
2268,2021-07-28,6698,0.0,26.8
2269,2021-07-29,6777,1.0,24.0
2270,2021-07-30,5580,1.0,21.2
2271,2021-07-31,6058,1.0,21.7
2272,2021-08-01,6672,0.0,21.6
2273,2021-08-02,5960,1.0,20.0
2274,2021-08-03,7039,0.0,21.5
2275,2021-08-04,6666,0.0,23.4
2276,2021-08-05,7024,0.0,22.7
2277,2021-08-06,7081,0.0,22.1
2278,2021-08-07,5301,1.0,18.3
2279,2021-08-08,4407,1.0,20.8
2280,2021-08-09,4022,0.0,23.7
2281,2021-08-10,4047,1.0,22.0
2282,2021-08-11,4598,0.0,23.1
2283,2021-08-12,5868,0.0,23.1
2284,2021-08-13,5184,1.0,25.5
2285,2021-08-14,5190,1.0,21.3
2286,2021-08-15,3933,1.0,20.7
2287,2021-08-16,2333,1.0,18.3
2288,2021-08-17,1865,0.0,20.3
2289,2021-08-18,1397,1.0,21.0
2290,2021-08-19,2910,0.0,21.1
2291,2021-08-20,2858,1.0,21.2
2292,2021-08-21,5655,0.0,20.3
2293,2021-08-22,5604,0.0,21.3
2294,2021-08-28,3968,1.0,14.7
2295,2021-08-29,4977,0.0,19.2
2296,2021-09-04,5032,0.0,16.6
2297,2021-09-05,3587,0.0,18.7
2298,2021-09-11,4860,1.0,19.4
2299,2021-09-12,2754,1.0,21.8
2300,2021-09-18,3461,0.0,11.7
2301,2021-09-19,3733,0.0,12.3
2302,2021-09-25,3536,0.0,18.7
2303,2021-09-26,4168,0.0,19.3
2304,2021-10-02,1952,1.0,14.1
2305,2021-10-03,1294,1.0,14.6
2306,2021-10-09,2546,0.0,16.8
2307,2021-10-10,1908,0.0,14.6
2308,2021-10-16,1177,0.0,13.9
2309,2021-10-17,3399,0.0,10.6
2310,2021-10-23,6465,0.0,7.1
2311,2021-10-24,4594,0.0,10.6
2312,2021-10-30,10409,0.0,8.4
2313,2021-10-31,6933,0.0,13.2
2314,2021-11-01,5952,0.0,12.3
2315,2021-11-02,4398,1.0,9.1
2316,2021-11-03,3602,1.0,9.1
2317,2021-11-04,7218,0.0,10.4
2318,2021-11-05,8939,1.0,8.2
2319,2021-11-06,9727,0.0,9.9
2320,2021-11-07,3366,1.0,9.7
2321,2021-11-27,3237,0.0,0.9
2322,2021-11-28,1722,0.0,-0.3
2323,2021-12-04,5536,0.0,-3.0
2324,2021-12-05,3312,0.0,-5.1
2325,2021-12-11,5625,0.0,2.4
2326,2021-12-12,4461,0.0,0.7
2327,2021-12-18,5716,0.0,6.0
2328,2021-12-19,5053,0.0,4.1
2329,2022-04-07,838,1.0,4.1
2330,2022-04-09,3332,1.0,5.4
2331,2022-04-10,4856,0.0,10.6
2332,2022-04-11,3009,0.0,12.1
2333,2022-04-12,2970,0.0,12.9
2334,2022-04-13,2365,0.0,8.6
2335,2022-04-14,3892,1.0,10.2
2336,2022-04-15,7062,0.0,10.9
2337,2022-04-16,7135,0.0,15.9
2338,2022-04-17,7117,0.0,17.2
2339,2022-04-18,7262,0.0,18.4
2340,2022-04-23,5108,0.0,12.6
2341,2022-04-24,4297,0.0,10.1
2342,2022-04-30,3876,0.0,13.6
2343,2022-05-01,3419,0.0,15.1
2344,2022-05-07,4501,0.0,15.3
2345,2022-05-08,3860,0.0,14.5
2346,2022-05-14,4898,1.0,17.8
2347,2022-05-15,3581,0.0,18.7
2348,2022-05-21,4012,0.0,14.3
2349,2022-05-22,3645,0.0,17.8
2350,2022-05-26,6099,1.0,14.8
2351,2022-05-27,7239,0.0,16.6
2352,2022-05-28,3874,1.0,12.9
2353,2022-05-29,3829,0.0,18.4
2354,2022-06-02,1596,0.0,17.5
2355,2022-06-03,2386,0.0,19.1
2356,2022-06-04,5862,0.0,22.4
2357,2022-06-05,6667,0.0,24.4
2358,2022-06-06,6334,0.0,20.9
2359,2022-06-07,1470,1.0,16.4
2360,2022-06-08,1410,0.0,19.5
2361,2022-06-09,1839,0.0,23.3
2362,2022-06-10,2223,0.0,23.7
2363,2022-06-11,6367,0.0,22.4
2364,2022-06-12,5242,1.0,21.0
2365,2022-06-13,2935,1.0,19.6
2366,2022-06-14,1762,1.0,22.9
2367,2022-06-15,2349,0.0,24.6
2368,2022-06-16,1468,1.0,21.4
2369,2022-06-17,3576,0.0,25.9
2370,2022-06-18,6321,0.0,22.7
2371,2022-06-19,5615,0.0,20.3
2372,2022-06-20,3247,1.0,19.4
2373,2022-06-21,3885,0.0,24.8
2374,2022-06-22,3141,0.0,21.3
2375,2022-06-23,2543,0.0,24.7
2376,2022-06-24,5587,0.0,27.7
2377,2022-06-25,5568,0.0,29.6
2378,2022-06-26,4940,0.0,29.4
2379,2022-06-27,3571,0.0,31.5
2380,2022-06-28,4385,1.0,29.2
2381,2022-06-29,5076,0.0,27.1
2382,2022-06-30,4698,1.0,24.9
2383,2022-07-01,3465,0.0,26.8
2384,2022-07-02,6001,0.0,22.6
2385,2022-07-03,6787,1.0,24.1
2386,2022-07-04,4306,1.0,23.3
2387,2022-07-05,7657,0.0,20.9
2388,2022-07-06,7726,0.0,22.1
2389,2022-07-07,4220,1.0,18.4
2390,2022-07-08,6768,0.0,21.6
2391,2022-07-09,7672,0.0,22.0
2392,2022-07-10,6081,1.0,18.2
2393,2022-07-11,8192,0.0,23.0
2394,2022-07-12,8641,0.0,27.0
2395,2022-07-13,8423,1.0,24.9
2396,2022-07-14,7511,1.0,20.8
2397,2022-07-15,8236,1.0,19.3
2398,2022-07-16,8064,1.0,19.7
2399,2022-07-17,8422,0.0,21.5
2400,2022-07-18,9160,0.0,23.3
2401,2022-07-19,8811,0.0,26.5
2402,2022-07-20,7905,0.0,33.0
2403,2022-07-21,5626,0.0,35.6
2404,2022-07-22,6638,1.0,27.0
2405,2022-07-23,8343,0.0,16.6
2406,2022-07-24,9044,0.0,21.8
2407,2022-07-25,6534,1.0,24.1
2408,2022-07-26,8484,0.0,21.1
2409,2022-07-27,8538,0.0,22.1
2410,2022-07-28,9010,0.0,21.8
2411,2022-07-29,8962,0.0,24.4
2412,2022-07-30,8440,0.0,26.5
2413,2022-07-31,8845,0.0,25.4
2414,2022-08-01,7517,0.0,23.8
2415,2022-08-02,8884,0.0,24.6
2416,2022-08-03,8740,1.0,27.2
2417,2022-08-04,7166,1.0,30.3
2418,2022-08-05,4643,1.0,23.5
2419,2022-08-06,8579,0.0,20.7
2420,2022-08-07,5871,0.0,20.4
2421,2022-08-08,6294,0.0,22.0
2422,2022-08-09,6973,0.0,25.1
2423,2022-08-10,6349,0.0,26.6
2424,2022-08-11,4686,0.0,28.4
2425,2022-08-12,3846,0.0,29.7
2426,2022-08-13,5957,0.0,30.9
2427,2022-08-14,3623,0.0,28.7
2428,2022-08-15,3622,1.0,26.3
2429,2022-08-16,2701,1.0,28.3
2430,2022-08-17,2202,0.0,28.0
2431,2022-08-18,1812,0.0,27.8
2432,2022-08-19,1914,0.0,29.8
2433,2022-08-20,4382,0.0,24.4
2434,2022-08-21,4950,0.0,24.5
2435,2022-08-27,5742,1.0,25.7
2436,2022-08-28,1242,1.0,16.7
2437,2022-09-03,5400,0.0,14.6
2438,2022-09-04,4157,0.0,17.1
2439,2022-09-10,5303,1.0,13.6
2440,2022-09-11,4771,0.0,17.9
2441,2022-09-17,4787,0.0,16.9
2442,2022-09-18,5532,0.0,18.1
2443,2022-09-24,4787,0.0,17.8
2444,2022-09-25,6250,1.0,15.6
2445,2022-10-06,1794,0.0,15.4
2446,2022-10-08,4645,0.0,14.8
2447,2022-10-09,4218,0.0,13.3
2448,2022-10-15,5616,1.0,15.2
2449,2022-10-16,4648,1.0,15.9
2450,2022-10-22,7422,1.0,9.9
2451,2022-10-23,5252,1.0,9.9
2452,2022-10-29,9406,0.0,14.7
2453,2022-10-30,7651,0.0,10.2
2454,2022-10-31,6135,0.0,14.0
2455,2022-11-01,5231,1.0,11.4
2456,2022-11-02,5060,1.0,13.0
2457,2022-11-03,8022,0.0,10.0
2458,2022-11-04,9415,0.0,10.6
2459,2022-11-05,9394,1.0,9.9
2460,2022-11-06,6501,1.0,10.4
2461,2022-11-24,1099,0.0,2.6
2462,2022-11-26,3372,1.0,2.7
2463,2022-11-27,2013,0.0,1.2
2464,2022-12-03,4736,0.0,-0.7
2465,2022-12-04,4824,0.0,-0.3
2466,2022-12-10,5365,1.0,-4.1
2467,2022-12-11,5006,0.0,-5.4
2468,2022-12-17,4307,0.0,-2.0
2469,2022-12-18,4854,0.0,3.5
2470,2022-12-27,2235,0.0,3.9
2471,2022-12-28,1727,1.0,0.6
2472,2022-12-29,1316,1.0,6.6
2473,2022-12-30,2047,0.0,6.0
2474,2022-12-31,1494,0.0,8.9
2475,2023-01-01,1302,1.0,3.2
2476,2023-01-02,836,1.0,5.6
2477,2023-01-03,1683,0.0,-1.0
2478,2023-01-04,738,1.0,0.2
2479,2023-01-05,781,1.0,-0.8
2480,2023-01-06,2029,1.0,-2.6
2481,2023-01-07,1972,1.0,2.7
2482,2023-01-08,938,1.0,4.8
2483,2023-03-30,721,1.0,1.3
2484,2023-04-01,2022,0.0,5.7
2485,2023-04-02,1982,0.0,6.3
2486,2023-04-06,1389,0.0,4.7
2487,2023-04-07,3381,0.0,5.0
2488,2023-04-08,5016,0.0,11.8
2489,2023-04-09,5971,0.0,12.0
2490,2023-04-10,5846,0.0,10.8
2491,2023-04-11,1844,0.0,13.9
2492,2023-04-12,1265,0.0,13.1
2493,2023-04-13,1301,0.0,12.9
2494,2023-04-14,1289,0.0,7.9
2495,2023-04-15,3793,0.0,12.8
2496,2023-04-16,2887,0.0,13.1
2497,2023-04-22,4797,0.0,20.8
2498,2023-04-23,1777,0.0,19.3
2499,2023-04-29,2089,0.0,12.4
2500,2023-04-30,3482,0.0,12.0
2501,2023-05-01,1891,1.0,12.6
2502,2023-05-06,3132,0.0,8.8
2503,2023-05-07,2514,0.0,13.8
2504,2023-05-13,6064,0.0,23.4
2505,2023-05-14,3783,0.0,23.7
2506,2023-05-18,4890,0.0,17.1
2507,2023-05-19,6492,0.0,19.5
2508,2023-05-20,5156,0.0,19.1
2509,2023-05-21,6633,0.0,22.6
2510,2023-05-27,3975,0.0,21.3
2511,2023-05-28,7679,0.0,18.8
2512,2023-06-03,4355,0.0,20.9
2513,2023-06-04,4612,0.0,20.5
2514,2023-06-05,4885,0.0,25.6
2515,2023-06-06,5319,0.0,26.0
2516,2023-06-07,2888,0.0,20.8
2517,2023-06-08,2356,0.0,26.3
2518,2023-06-09,4596,0.0,18.7
2519,2023-06-10,4629,0.0,19.5
2520,2023-06-11,4451,0.0,21.5
2521,2023-06-12,4133,0.0,24.2
2522,2023-06-13,2542,0.0,26.8
2523,2023-06-14,3304,0.0,28.0
2524,2023-06-15,1882,0.0,26.9
2525,2023-06-16,1738,0.0,27.8
2526,2023-06-17,3998,0.0,28.0
2527,2023-06-18,1717,1.0,17.1
2528,2023-06-19,1860,0.0,20.8
2529,2023-06-20,2424,0.0,27.0
2530,2023-06-21,2620,1.0,25.8
2531,2023-06-22,2142,0.0,25.7
2532,2023-06-23,6253,0.0,26.5
2533,2023-06-24,4699,0.0,27.5
2534,2023-06-25,3942,0.0,30.2
2535,2023-06-26,3856,0.0,26.9
2536,2023-06-27,5054,0.0,24.9
2537,2023-06-28,4821,0.0,28.4
2538,2023-06-29,3449,0.0,26.7
2539,2023-06-30,2917,1.0,21.7
2540,2023-07-01,5838,0.0,21.8
2541,2023-07-02,3326,1.0,21.0
2542,2023-07-03,3188,1.0,16.9
2543,2023-07-04,5770,1.0,20.4
2544,2023-07-05,5714,1.0,22.7
2545,2023-07-06,4623,1.0,21.0
2546,2023-07-07,4442,0.0,22.5
2547,2023-07-08,6329,0.0,27.0
2548,2023-07-09,5628,0.0,27.4
2549,2023-07-10,6540,0.0,24.4
2550,2023-07-11,8025,0.0,21.6
2551,2023-07-12,4765,1.0,20.9
2552,2023-07-13,7608,1.0,22.3
2553,2023-07-14,6771,0.0,23.0
2554,2023-07-15,7498,0.0,23.4
2555,2023-07-16,3843,1.0,24.4
2556,2023-07-17,5321,1.0,21.6
2557,2023-07-18,10289,1.0,21.6
2558,2023-07-19,9372,0.0,20.9
2559,2023-07-20,9095,0.0,21.4
2560,2023-07-21,7861,0.0,22.4
2561,2023-07-22,7024,1.0,19.4
2562,2023-07-23,7327,0.0,22.5
2563,2023-07-24,5736,1.0,20.4
2564,2023-07-25,8365,0.0,23.1
2565,2023-07-26,10050,0.0,22.2
2566,2023-07-27,6391,1.0,19.3
2567,2023-07-28,6786,1.0,20.0
2568,2023-07-29,9498,0.0,24.6
2569,2023-07-30,4360,0.0,23.9
2570,2023-07-31,4272,1.0,21.1
2571,2023-08-01,7701,1.0,21.0
2572,2023-08-02,5781,0.0,20.2
2573,2023-08-03,2866,1.0,17.6
2574,2023-08-04,4871,1.0,22.0
2575,2023-08-05,7196,0.0,20.6
2576,2023-08-06,3201,1.0,18.1
2577,2023-08-07,2927,0.0,21.8
2578,2023-08-08,2344,1.0,16.6
2579,2023-08-09,2476,1.0,14.2
2580,2023-08-10,2943,1.0,18.1
2581,2023-08-11,4815,0.0,21.1
2582,2023-08-12,5482,0.0,22.5
2583,2023-08-13,4066,0.0,23.4
2584,2023-08-14,4279,1.0,23.9
2585,2023-08-15,2297,1.0,24.6
2586,2023-08-16,7131,0.0,22.2
2587,2023-08-17,5516,0.0,22.8
2588,2023-08-18,2404,0.0,23.4
2589,2023-08-19,4425,0.0,19.9
2590,2023-08-20,2840,1.0,17.7
2591,2023-08-26,2205,1.0,17.3
2592,2023-08-27,6075,0.0,21.2
2593,2023-09-02,3393,0.0,21.1
2594,2023-09-03,5333,0.0,20.6
2595,2023-09-09,4988,0.0,25.3
2596,2023-09-10,8783,0.0,25.6
2597,2023-09-16,4174,0.0,21.7
2598,2023-09-17,5999,0.0,17.5
2599,2023-09-23,3749,0.0,19.5
2600,2023-09-24,6084,0.0,16.9
2601,2023-10-05,1457,1.0,11.4
2602,2023-10-07,4314,0.0,10.8
2603,2023-10-08,2252,0.0,10.4
2604,2023-10-14,5470,0.0,12.0
2605,2023-10-15,3590,0.0,11.3
2606,2023-10-21,4347,1.0,5.6
2607,2023-10-22,4527,1.0,7.2
2608,2023-10-28,8357,0.0,2.9
2609,2023-10-29,6281,1.0,5.2
2610,2023-10-30,3557,1.0,6.9
2611,2023-10-31,2873,1.0,7.0
2612,2023-11-01,6102,0.0,0.0


